:START_ID,:END_ID,relation,:TYPE
HN8081,JJ_6,taboo,taboo
HN8081,JJ_2,taboo,taboo
HN8081,JJ_80,taboo,taboo
HN8081,JJ_8,taboo,taboo
HN8391,JJ_6,taboo,taboo
HN8391,JJ_2,taboo,taboo
HN2351,JJ_2,taboo,taboo
HN2351,JJ_82,taboo,taboo
HN2351,JJ_8,taboo,taboo
HN41,JJ_4,taboo,taboo
HN41,JJ_47,taboo,taboo
HN41,JJ_1,taboo,taboo
HN41,JJ_166,taboo,taboo
HN41,JJ_16,taboo,taboo
HN6673,JJ_3,taboo,taboo
HN7196,JJ_3,taboo,taboo
HN1125,JJ_43,taboo,taboo
HN1125,JJ_4,taboo,taboo
HN6072,JJ_2,taboo,taboo
HN6072,JJ_24,taboo,taboo
HN6072,JJ_5,taboo,taboo
HN8617,JJ_24,taboo,taboo
HN8617,JJ_2,taboo,taboo
HN1382,JJ_1,taboo,taboo
HN1382,JJ_155,taboo,taboo
HN1382,JJ_15,taboo,taboo
HN2276,JJ_2,taboo,taboo
HN2276,JJ_3,taboo,taboo
HN4581,JJ_2,taboo,taboo
HN2993,JJ_2,taboo,taboo
HN2993,JJ_72,taboo,taboo
HN2993,JJ_24,taboo,taboo
HN2993,JJ_7,taboo,taboo
HN4429,JJ_4,taboo,taboo
HN4429,JJ_43,taboo,taboo
HN6041,JJ_2,taboo,taboo
HN8087,JJ_24,taboo,taboo
HN8087,JJ_2,taboo,taboo
HN5568,JJ_2,taboo,taboo
HN950,JJ_82,taboo,taboo
HN950,JJ_8,taboo,taboo
HN2334,JJ_2,taboo,taboo
HN2334,JJ_13,taboo,taboo
HN2334,JJ_1,taboo,taboo
HN2334,JJ_24,taboo,taboo
HN2334,JJ_138,taboo,taboo
HN7079,JJ_2,taboo,taboo
HN7079,JJ_80,taboo,taboo
HN7079,JJ_8,taboo,taboo
HN8595,JJ_43,taboo,taboo
HN8595,JJ_4,taboo,taboo
HN3744,JJ_1,taboo,taboo
HN3744,JJ_166,taboo,taboo
HN3744,JJ_2,taboo,taboo
HN3744,JJ_16,taboo,taboo
HN3744,JJ_24,taboo,taboo
HN2083,JJ_3,taboo,taboo
HN4042,JJ_72,taboo,taboo
HN4042,JJ_7,taboo,taboo
HN8499,JJ_2,taboo,taboo
HN8291,JJ_2,taboo,taboo
HN7629,JJ_82,taboo,taboo
HN7629,JJ_8,taboo,taboo
HN6476,JJ_12,taboo,taboo
HN6476,JJ_1,taboo,taboo
HN6476,JJ_155,taboo,taboo
HN6476,JJ_15,taboo,taboo
HN6476,JJ_128,taboo,taboo
HN6918,JJ_72,taboo,taboo
HN6918,JJ_7,taboo,taboo
HN3105,JJ_24,taboo,taboo
HN3105,JJ_2,taboo,taboo
HN7018,JJ_2,taboo,taboo
HN7018,JJ_72,taboo,taboo
HN7018,JJ_24,taboo,taboo
HN7018,JJ_7,taboo,taboo
HN2791,JJ_1,taboo,taboo
HN2791,JJ_155,taboo,taboo
HN2791,JJ_15,taboo,taboo
HN7845,JJ_2,taboo,taboo
HN3285,JJ_2,taboo,taboo
HN230,JJ_1,taboo,taboo
HN230,JJ_166,taboo,taboo
HN230,JJ_16,taboo,taboo
HN230,JJ_5,taboo,taboo
HN8261,JJ_43,taboo,taboo
HN8261,JJ_4,taboo,taboo
HN5069,JJ_2,taboo,taboo
HN5069,JJ_72,taboo,taboo
HN5069,JJ_22,taboo,taboo
HN5069,JJ_7,taboo,taboo
HN1896,JJ_4,taboo,taboo
HN1896,JJ_2,taboo,taboo
HN1896,JJ_43,taboo,taboo
HN1896,JJ_24,taboo,taboo
HN531,JJ_4,taboo,taboo
HN1678,JJ_25,taboo,taboo
HN1678,JJ_2,taboo,taboo
HN5775,JJ_24,taboo,taboo
HN5775,JJ_2,taboo,taboo
HN5274,JJ_2,taboo,taboo
HN5622,JJ_2,taboo,taboo
HN5622,JJ_24,taboo,taboo
HN1845,JJ_2,taboo,taboo
HN1845,JJ_22,taboo,taboo
HN8131,JJ_24,taboo,taboo
HN8131,JJ_2,taboo,taboo
HN3233,JJ_14,taboo,taboo
HN3233,JJ_1,taboo,taboo
HN3233,JJ_2,taboo,taboo
HN3233,JJ_149,taboo,taboo
HN4923,JJ_34,taboo,taboo
HN4923,JJ_2,taboo,taboo
HN4923,JJ_3,taboo,taboo
HN4923,JJ_24,taboo,taboo
HN3394,JJ_179,taboo,taboo
HN3394,JJ_1,taboo,taboo
HN3394,JJ_2,taboo,taboo
HN3394,JJ_17,taboo,taboo
HN1615,JJ_2,taboo,taboo
HN2333,JJ_24,taboo,taboo
HN2333,JJ_2,taboo,taboo
HN7588,JJ_2,taboo,taboo
HN7588,JJ_22,taboo,taboo
HN5833,JJ_3,taboo,taboo
HN3058,JJ_1,taboo,taboo
HN3058,JJ_179,taboo,taboo
HN3058,JJ_17,taboo,taboo
HN8976,JJ_24,taboo,taboo
HN8976,JJ_2,taboo,taboo
HN1104,JJ_24,taboo,taboo
HN1104,JJ_2,taboo,taboo
HN185,JJ_1,taboo,taboo
HN185,JJ_2,taboo,taboo
HN185,JJ_170,taboo,taboo
HN185,JJ_17,taboo,taboo
HN3586,JJ_2,taboo,taboo
HN4701,JJ_24,taboo,taboo
HN4701,JJ_2,taboo,taboo
HN1663,JJ_2,taboo,taboo
HN2867,JJ_2,taboo,taboo
HN2552,JJ_2,taboo,taboo
HN1697,JJ_72,taboo,taboo
HN1697,JJ_7,taboo,taboo
HN5813,JJ_2,taboo,taboo
HN5749,JJ_2,taboo,taboo
HN5749,JJ_72,taboo,taboo
HN5749,JJ_24,taboo,taboo
HN5749,JJ_7,taboo,taboo
HN7742,JJ_2,taboo,taboo
HN4506,JJ_80,taboo,taboo
HN4506,JJ_8,taboo,taboo
HN8338,JJ_43,taboo,taboo
HN8338,JJ_4,taboo,taboo
HN3077,JJ_2,taboo,taboo
HN1693,JJ_2,taboo,taboo
HN1426,JJ_2,taboo,taboo
HN5471,JJ_1,taboo,taboo
HN5471,JJ_155,taboo,taboo
HN5471,JJ_15,taboo,taboo
HN6435,JJ_2,taboo,taboo
HN9011,JJ_72,taboo,taboo
HN9011,JJ_7,taboo,taboo
HN3348,JJ_2,taboo,taboo
HN3348,JJ_72,taboo,taboo
HN3348,JJ_92,taboo,taboo
HN3348,JJ_7,taboo,taboo
HN3348,JJ_9,taboo,taboo
HN1380,JJ_2,taboo,taboo
HN1380,JJ_82,taboo,taboo
HN1380,JJ_8,taboo,taboo
HN6752,JJ_1,taboo,taboo
HN6752,JJ_15,taboo,taboo
HN6752,JJ_153,taboo,taboo
HN1692,JJ_24,taboo,taboo
HN1692,JJ_2,taboo,taboo
HN4075,JJ_24,taboo,taboo
HN4075,JJ_2,taboo,taboo
HN4075,JJ_82,taboo,taboo
HN4075,JJ_8,taboo,taboo
HN4990,JJ_2,taboo,taboo
HN4990,JJ_82,taboo,taboo
HN4990,JJ_24,taboo,taboo
HN4990,JJ_8,taboo,taboo
HN7434,JJ_14,taboo,taboo
HN7434,JJ_145,taboo,taboo
HN7434,JJ_1,taboo,taboo
HN7434,JJ_144,taboo,taboo
HN4241,JJ_72,taboo,taboo
HN4241,JJ_7,taboo,taboo
HN7154,JJ_2,taboo,taboo
HN1392,JJ_72,taboo,taboo
HN1392,JJ_7,taboo,taboo
HN2714,JJ_2,taboo,taboo
HN3133,JJ_2,taboo,taboo
HN1874,JJ_72,taboo,taboo
HN1874,JJ_7,taboo,taboo
HN657,JJ_24,taboo,taboo
HN657,JJ_2,taboo,taboo
HN6326,JJ_2,taboo,taboo
HN5301,JJ_2,taboo,taboo
HN5301,JJ_167,taboo,taboo
HN5301,JJ_12,taboo,taboo
HN5301,JJ_1,taboo,taboo
HN5301,JJ_126,taboo,taboo
HN5301,JJ_16,taboo,taboo
HN8140,JJ_24,taboo,taboo
HN8140,JJ_2,taboo,taboo
HN4991,JJ_24,taboo,taboo
HN4991,JJ_2,taboo,taboo
HN6952,JJ_24,taboo,taboo
HN6952,JJ_2,taboo,taboo
HN3931,JJ_2,taboo,taboo
HN2543,JJ_43,taboo,taboo
HN2543,JJ_4,taboo,taboo
HN5530,JJ_2,taboo,taboo
HN7005,JJ_2,taboo,taboo
HN7005,JJ_82,taboo,taboo
HN7005,JJ_12,taboo,taboo
HN7005,JJ_1,taboo,taboo
HN7005,JJ_126,taboo,taboo
HN7005,JJ_24,taboo,taboo
HN7005,JJ_8,taboo,taboo
HN5820,JJ_24,taboo,taboo
HN5820,JJ_2,taboo,taboo
HN2792,JJ_2,taboo,taboo
HN4667,JJ_2,taboo,taboo
HN4667,JJ_12,taboo,taboo
HN4667,JJ_1,taboo,taboo
HN4667,JJ_126,taboo,taboo
HN4501,JJ_2,taboo,taboo
HN4501,JJ_22,taboo,taboo
HN9134,JJ_2,taboo,taboo
HN9134,JJ_24,taboo,taboo
HN6558,JJ_3,taboo,taboo
HN3383,JJ_2,taboo,taboo
HN3383,JJ_24,taboo,taboo
HN2342,JJ_2,taboo,taboo
HN2342,JJ_24,taboo,taboo
HN2342,JJ_7,taboo,taboo
HN4301,JJ_2,taboo,taboo
HN4301,JJ_22,taboo,taboo
HN5056,JJ_2,taboo,taboo
HN5056,JJ_94,taboo,taboo
HN5056,JJ_24,taboo,taboo
HN5056,JJ_9,taboo,taboo
HN4668,JJ_24,taboo,taboo
HN4668,JJ_2,taboo,taboo
HN8341,JJ_24,taboo,taboo
HN8341,JJ_2,taboo,taboo
HN6646,JJ_2,taboo,taboo
HN6646,JJ_22,taboo,taboo
HN8867,JJ_24,taboo,taboo
HN8867,JJ_2,taboo,taboo
HN3897,JJ_4,taboo,taboo
HN3897,JJ_43,taboo,taboo
HN1418,JJ_24,taboo,taboo
HN1418,JJ_2,taboo,taboo
HN3769,JJ_5,taboo,taboo
HN7500,JJ_12,taboo,taboo
HN7500,JJ_1,taboo,taboo
HN7500,JJ_121,taboo,taboo
HN2313,JJ_2,taboo,taboo
HN8503,JJ_72,taboo,taboo
HN8503,JJ_7,taboo,taboo
HN4562,JJ_72,taboo,taboo
HN4562,JJ_7,taboo,taboo
HN7636,JJ_2,taboo,taboo
HN7636,JJ_24,taboo,taboo
HN2191,JJ_2,taboo,taboo
HN7617,JJ_1,taboo,taboo
HN7617,JJ_166,taboo,taboo
HN7617,JJ_16,taboo,taboo
HN3191,JJ_4,taboo,taboo
HN3191,JJ_47,taboo,taboo
HN33,JJ_2,taboo,taboo
HN33,JJ_24,taboo,taboo
HN8254,JJ_2,taboo,taboo
HN3,JJ_2,taboo,taboo
HN2072,JJ_2,taboo,taboo
HN6002,JJ_72,taboo,taboo
HN6002,JJ_7,taboo,taboo
HN2707,JJ_1,taboo,taboo
HN2707,JJ_155,taboo,taboo
HN2707,JJ_15,taboo,taboo
HN2707,JJ_84,taboo,taboo
HN2707,JJ_8,taboo,taboo
HN6313,JJ_2,taboo,taboo
HN1421,JJ_2,taboo,taboo
HN6909,JJ_2,taboo,taboo
HN6909,JJ_3,taboo,taboo
HN6909,JJ_24,taboo,taboo
HN2253,JJ_2,taboo,taboo
HN8531,JJ_12,taboo,taboo
HN8531,JJ_126,taboo,taboo
HN8531,JJ_1,taboo,taboo
HN6198,JJ_4,taboo,taboo
HN6198,JJ_2,taboo,taboo
HN6198,JJ_7,taboo,taboo
HN6198,JJ_82,taboo,taboo
HN6198,JJ_8,taboo,taboo
HN6198,JJ_76,taboo,taboo
HN844,JJ_24,taboo,taboo
HN844,JJ_2,taboo,taboo
HN2944,JJ_2,taboo,taboo
HN1464,JJ_2,taboo,taboo
HN5554,JJ_2,taboo,taboo
HN8400,JJ_12,taboo,taboo
HN8400,JJ_126,taboo,taboo
HN8400,JJ_1,taboo,taboo
HN3334,JJ_1,taboo,taboo
HN3334,JJ_166,taboo,taboo
HN3334,JJ_16,taboo,taboo
HN148,JJ_5,taboo,taboo
HN1355,JJ_1,taboo,taboo
HN1355,JJ_16,taboo,taboo
HN1355,JJ_163,taboo,taboo
HN3548,JJ_2,taboo,taboo
HN5105,JJ_80,taboo,taboo
HN5105,JJ_8,taboo,taboo
HN206,JJ_5,taboo,taboo
HN2681,JJ_2,taboo,taboo
HN2789,JJ_72,taboo,taboo
HN2789,JJ_7,taboo,taboo
HN7660,JJ_11,taboo,taboo
HN7660,JJ_2,taboo,taboo
HN7660,JJ_110,taboo,taboo
HN7660,JJ_1,taboo,taboo
HN5614,JJ_24,taboo,taboo
HN5614,JJ_2,taboo,taboo
HN4511,JJ_11,taboo,taboo
HN4511,JJ_82,taboo,taboo
HN4511,JJ_1,taboo,taboo
HN4511,JJ_80,taboo,taboo
HN4511,JJ_8,taboo,taboo
HN4511,JJ_118,taboo,taboo
HN7192,JJ_2,taboo,taboo
HN7192,JJ_72,taboo,taboo
HN7192,JJ_7,taboo,taboo
HN2479,JJ_2,taboo,taboo
HN4423,JJ_3,taboo,taboo
HN997,JJ_2,taboo,taboo
HN3066,JJ_2,taboo,taboo
HN3663,JJ_12,taboo,taboo
HN3663,JJ_1,taboo,taboo
HN3663,JJ_127,taboo,taboo
HN3663,JJ_128,taboo,taboo
HN2291,JJ_2,taboo,taboo
HN6607,JJ_2,taboo,taboo
HN3440,JJ_179,taboo,taboo
HN3440,JJ_1,taboo,taboo
HN3440,JJ_2,taboo,taboo
HN3440,JJ_17,taboo,taboo
HN3325,JJ_4,taboo,taboo
HN3325,JJ_2,taboo,taboo
HN3325,JJ_43,taboo,taboo
HN6640,JJ_2,taboo,taboo
HN6201,JJ_24,taboo,taboo
HN6201,JJ_2,taboo,taboo
HN1431,JJ_72,taboo,taboo
HN1431,JJ_7,taboo,taboo
HN7161,JJ_2,taboo,taboo
HN2242,JJ_2,taboo,taboo
HN2242,JJ_24,taboo,taboo
HN5566,JJ_2,taboo,taboo
HN5566,JJ_24,taboo,taboo
HN6050,JJ_2,taboo,taboo
HN6050,JJ_75,taboo,taboo
HN6050,JJ_7,taboo,taboo
HN7764,JJ_24,taboo,taboo
HN7764,JJ_2,taboo,taboo
HN5461,JJ_2,taboo,taboo
HN6216,JJ_24,taboo,taboo
HN6216,JJ_2,taboo,taboo
HN8099,JJ_2,taboo,taboo
HN2720,JJ_2,taboo,taboo
HN773,JJ_2,taboo,taboo
HN4543,JJ_82,taboo,taboo
HN4543,JJ_8,taboo,taboo
HN6679,JJ_2,taboo,taboo
HN8679,JJ_24,taboo,taboo
HN8679,JJ_2,taboo,taboo
HN5537,JJ_187,taboo,taboo
HN5537,JJ_101,taboo,taboo
HN5537,JJ_2,taboo,taboo
HN5537,JJ_82,taboo,taboo
HN5537,JJ_18,taboo,taboo
HN5537,JJ_1,taboo,taboo
HN5537,JJ_24,taboo,taboo
HN5537,JJ_8,taboo,taboo
HN2975,JJ_4,taboo,taboo
HN2975,JJ_72,taboo,taboo
HN2975,JJ_43,taboo,taboo
HN2975,JJ_7,taboo,taboo
HN6608,JJ_4,taboo,taboo
HN6608,JJ_2,taboo,taboo
HN6608,JJ_43,taboo,taboo
HN6608,JJ_24,taboo,taboo
HN981,JJ_1,taboo,taboo
HN981,JJ_2,taboo,taboo
HN981,JJ_105,taboo,taboo
HN5158,JJ_24,taboo,taboo
HN5158,JJ_2,taboo,taboo
HN6520,JJ_2,taboo,taboo
HN2193,JJ_2,taboo,taboo
HN5159,JJ_2,taboo,taboo
HN6057,JJ_82,taboo,taboo
HN6057,JJ_8,taboo,taboo
HN5716,JJ_11,taboo,taboo
HN5716,JJ_12,taboo,taboo
HN5716,JJ_1,taboo,taboo
HN5716,JJ_155,taboo,taboo
HN5716,JJ_15,taboo,taboo
HN5716,JJ_117,taboo,taboo
HN5716,JJ_128,taboo,taboo
HN5716,JJ_111,taboo,taboo
HN2177,JJ_24,taboo,taboo
HN2177,JJ_2,taboo,taboo
HN8833,JJ_2,taboo,taboo
HN8054,JJ_2,taboo,taboo
HN8054,JJ_24,taboo,taboo
HN706,JJ_24,taboo,taboo
HN706,JJ_2,taboo,taboo
HN1185,JJ_12,taboo,taboo
HN1185,JJ_1,taboo,taboo
HN1185,JJ_2,taboo,taboo
HN1185,JJ_126,taboo,taboo
HN7090,JJ_2,taboo,taboo
HN3290,JJ_165,taboo,taboo
HN3290,JJ_2,taboo,taboo
HN3290,JJ_1,taboo,taboo
HN3290,JJ_16,taboo,taboo
HN6243,JJ_2,taboo,taboo
HN1752,JJ_2,taboo,taboo
HN1752,JJ_72,taboo,taboo
HN1752,JJ_24,taboo,taboo
HN1752,JJ_7,taboo,taboo
HN1076,JJ_4,taboo,taboo
HN1076,JJ_72,taboo,taboo
HN1076,JJ_43,taboo,taboo
HN1076,JJ_7,taboo,taboo
HN2005,JJ_2,taboo,taboo
HN1938,JJ_2,taboo,taboo
HN1305,JJ_2,taboo,taboo
HN7351,JJ_2,taboo,taboo
HN884,JJ_1,taboo,taboo
HN884,JJ_2,taboo,taboo
HN884,JJ_155,taboo,taboo
HN884,JJ_15,taboo,taboo
HN884,JJ_24,taboo,taboo
HN7891,JJ_15,taboo,taboo
HN7891,JJ_8,taboo,taboo
HN7891,JJ_82,taboo,taboo
HN7891,JJ_155,taboo,taboo
HN7891,JJ_1,taboo,taboo
HN717,JJ_24,taboo,taboo
HN717,JJ_2,taboo,taboo
HN7968,JJ_2,taboo,taboo
HN5613,JJ_2,taboo,taboo
HN618,JJ_2,taboo,taboo
HN1397,JJ_82,taboo,taboo
HN1397,JJ_8,taboo,taboo
HN4145,JJ_2,taboo,taboo
HN240,JJ_2,taboo,taboo
HN240,JJ_80,taboo,taboo
HN240,JJ_8,taboo,taboo
HN4876,JJ_2,taboo,taboo
HN6806,JJ_1,taboo,taboo
HN6806,JJ_155,taboo,taboo
HN6806,JJ_15,taboo,taboo
HN3753,JJ_2,taboo,taboo
HN6865,JJ_2,taboo,taboo
HN6865,JJ_82,taboo,taboo
HN6865,JJ_8,taboo,taboo
HN782,JJ_2,taboo,taboo
HN782,JJ_82,taboo,taboo
HN782,JJ_80,taboo,taboo
HN782,JJ_8,taboo,taboo
HN7139,JJ_2,taboo,taboo
HN7322,JJ_43,taboo,taboo
HN7322,JJ_4,taboo,taboo
HN4868,JJ_91,taboo,taboo
HN4868,JJ_2,taboo,taboo
HN4868,JJ_9,taboo,taboo
HN1685,JJ_8,taboo,taboo
HN1685,JJ_82,taboo,taboo
HN1685,JJ_24,taboo,taboo
HN1685,JJ_2,taboo,taboo
HN577,JJ_2,taboo,taboo
HN4859,JJ_1,taboo,taboo
HN4859,JJ_155,taboo,taboo
HN4859,JJ_15,taboo,taboo
HN6379,JJ_2,taboo,taboo
HN8378,JJ_2,taboo,taboo
HN4398,JJ_2,taboo,taboo
HN9084,JJ_2,taboo,taboo
HN5217,JJ_3,taboo,taboo
HN649,JJ_2,taboo,taboo
HN1180,JJ_2,taboo,taboo
HN8286,JJ_2,taboo,taboo
HN2041,JJ_2,taboo,taboo
HN5021,JJ_2,taboo,taboo
HN868,JJ_12,taboo,taboo
HN868,JJ_1,taboo,taboo
HN868,JJ_2,taboo,taboo
HN868,JJ_126,taboo,taboo
HN375,JJ_2,taboo,taboo
HN2374,JJ_2,taboo,taboo
HN2374,JJ_3,taboo,taboo
HN2374,JJ_38,taboo,taboo
HN2374,JJ_24,taboo,taboo
HN3581,JJ_4,taboo,taboo
HN3581,JJ_72,taboo,taboo
HN3581,JJ_43,taboo,taboo
HN3581,JJ_7,taboo,taboo
HN5314,JJ_4,taboo,taboo
HN5314,JJ_2,taboo,taboo
HN5314,JJ_43,taboo,taboo
HN5314,JJ_72,taboo,taboo
HN5314,JJ_7,taboo,taboo
HN1595,JJ_43,taboo,taboo
HN1595,JJ_4,taboo,taboo
HN6194,JJ_4,taboo,taboo
HN6194,JJ_2,taboo,taboo
HN6194,JJ_43,taboo,taboo
HN7258,JJ_11,taboo,taboo
HN7258,JJ_117,taboo,taboo
HN7258,JJ_2,taboo,taboo
HN7258,JJ_1,taboo,taboo
HN7258,JJ_24,taboo,taboo
HN4389,JJ_43,taboo,taboo
HN4389,JJ_4,taboo,taboo
HN4466,JJ_2,taboo,taboo
HN8360,JJ_2,taboo,taboo
HN5010,JJ_2,taboo,taboo
HN4528,JJ_2,taboo,taboo
HN3049,JJ_2,taboo,taboo
HN3821,JJ_2,taboo,taboo
HN3265,JJ_4,taboo,taboo
HN3265,JJ_2,taboo,taboo
HN3265,JJ_47,taboo,taboo
HN3265,JJ_82,taboo,taboo
HN3265,JJ_12,taboo,taboo
HN3265,JJ_1,taboo,taboo
HN3265,JJ_126,taboo,taboo
HN3265,JJ_24,taboo,taboo
HN3265,JJ_8,taboo,taboo
HN6278,JJ_24,taboo,taboo
HN6278,JJ_2,taboo,taboo
HN2687,JJ_2,taboo,taboo
HN8143,JJ_2,taboo,taboo
HN362,JJ_24,taboo,taboo
HN362,JJ_2,taboo,taboo
HN362,JJ_82,taboo,taboo
HN362,JJ_8,taboo,taboo
HN9100,JJ_2,taboo,taboo
HN7037,JJ_2,taboo,taboo
HN7037,JJ_82,taboo,taboo
HN7037,JJ_8,taboo,taboo
HN390,JJ_2,taboo,taboo
HN390,JJ_82,taboo,taboo
HN390,JJ_24,taboo,taboo
HN390,JJ_8,taboo,taboo
HN3122,JJ_2,taboo,taboo
HN4345,JJ_2,taboo,taboo
HN4345,JJ_12,taboo,taboo
HN4345,JJ_1,taboo,taboo
HN4345,JJ_126,taboo,taboo
HN8072,JJ_2,taboo,taboo
HN7491,JJ_4,taboo,taboo
HN7491,JJ_2,taboo,taboo
HN6401,JJ_2,taboo,taboo
HN8910,JJ_8,taboo,taboo
HN8910,JJ_82,taboo,taboo
HN3347,JJ_24,taboo,taboo
HN3347,JJ_2,taboo,taboo
HN3347,JJ_82,taboo,taboo
HN3347,JJ_8,taboo,taboo
HN6128,JJ_4,taboo,taboo
HN6128,JJ_72,taboo,taboo
HN6128,JJ_43,taboo,taboo
HN6128,JJ_7,taboo,taboo
HN3944,JJ_82,taboo,taboo
HN3944,JJ_8,taboo,taboo
HN7143,JJ_82,taboo,taboo
HN7143,JJ_8,taboo,taboo
HN1408,JJ_2,taboo,taboo
HN938,JJ_2,taboo,taboo
HN938,JJ_22,taboo,taboo
HN938,JJ_24,taboo,taboo
HN6721,JJ_2,taboo,taboo
HN2270,JJ_1,taboo,taboo
HN2270,JJ_155,taboo,taboo
HN2270,JJ_15,taboo,taboo
HN7189,JJ_2,taboo,taboo
HN3800,JJ_2,taboo,taboo
HN4851,JJ_2,taboo,taboo
HN4851,JJ_80,taboo,taboo
HN4851,JJ_8,taboo,taboo
HN7331,JJ_179,taboo,taboo
HN7331,JJ_2,taboo,taboo
HN7331,JJ_1,taboo,taboo
HN7331,JJ_17,taboo,taboo
HN3869,JJ_43,taboo,taboo
HN3869,JJ_4,taboo,taboo
HN3134,JJ_1,taboo,taboo
HN3134,JJ_2,taboo,taboo
HN3134,JJ_155,taboo,taboo
HN3134,JJ_15,taboo,taboo
HN3134,JJ_24,taboo,taboo
HN2801,JJ_2,taboo,taboo
HN2801,JJ_24,taboo,taboo
HN3438,JJ_24,taboo,taboo
HN3438,JJ_2,taboo,taboo
HN4881,JJ_2,taboo,taboo
HN4881,JJ_72,taboo,taboo
HN4881,JJ_24,taboo,taboo
HN4881,JJ_7,taboo,taboo
HN4864,JJ_2,taboo,taboo
HN1841,JJ_72,taboo,taboo
HN1841,JJ_7,taboo,taboo
HN5299,JJ_24,taboo,taboo
HN5299,JJ_2,taboo,taboo
HN5359,JJ_72,taboo,taboo
HN5359,JJ_82,taboo,taboo
HN5359,JJ_8,taboo,taboo
HN5359,JJ_7,taboo,taboo
HN8123,JJ_24,taboo,taboo
HN8123,JJ_2,taboo,taboo
HN6001,JJ_5,taboo,taboo
HN6001,JJ_54,taboo,taboo
HN5028,JJ_82,taboo,taboo
HN5028,JJ_8,taboo,taboo
HN4359,JJ_2,taboo,taboo
HN5247,JJ_2,taboo,taboo
HN5247,JJ_24,taboo,taboo
HN4855,JJ_2,taboo,taboo
HN4855,JJ_82,taboo,taboo
HN4855,JJ_8,taboo,taboo
HN7309,JJ_2,taboo,taboo
HN7309,JJ_82,taboo,taboo
HN7309,JJ_8,taboo,taboo
HN8100,JJ_5,taboo,taboo
HN8100,JJ_54,taboo,taboo
HN7682,JJ_24,taboo,taboo
HN7682,JJ_2,taboo,taboo
HN470,JJ_2,taboo,taboo
HN470,JJ_24,taboo,taboo
HN8792,JJ_14,taboo,taboo
HN8792,JJ_1,taboo,taboo
HN8792,JJ_144,taboo,taboo
HN7674,JJ_24,taboo,taboo
HN7674,JJ_2,taboo,taboo
HN3928,JJ_12,taboo,taboo
HN3928,JJ_126,taboo,taboo
HN3928,JJ_1,taboo,taboo
HN6136,JJ_2,taboo,taboo
HN4650,JJ_82,taboo,taboo
HN4650,JJ_8,taboo,taboo
HN2829,JJ_12,taboo,taboo
HN2829,JJ_1,taboo,taboo
HN2829,JJ_2,taboo,taboo
HN2829,JJ_126,taboo,taboo
HN7608,JJ_1,taboo,taboo
HN7608,JJ_101,taboo,taboo
HN1683,JJ_82,taboo,taboo
HN1683,JJ_8,taboo,taboo
HN3936,JJ_2,taboo,taboo
HN5307,JJ_24,taboo,taboo
HN5307,JJ_2,taboo,taboo
HN6234,JJ_14,taboo,taboo
HN6234,JJ_2,taboo,taboo
HN6234,JJ_1,taboo,taboo
HN6234,JJ_141,taboo,taboo
HN1241,JJ_24,taboo,taboo
HN1241,JJ_2,taboo,taboo
HN3819,JJ_24,taboo,taboo
HN3819,JJ_2,taboo,taboo
HN6935,JJ_43,taboo,taboo
HN6935,JJ_4,taboo,taboo
HN8002,JJ_43,taboo,taboo
HN8002,JJ_4,taboo,taboo
HN4038,JJ_2,taboo,taboo
HN4038,JJ_24,taboo,taboo
HN7721,JJ_2,taboo,taboo
HN1057,JJ_82,taboo,taboo
HN1057,JJ_8,taboo,taboo
HN1763,JJ_2,taboo,taboo
HN999,JJ_82,taboo,taboo
HN999,JJ_8,taboo,taboo
HN7765,JJ_82,taboo,taboo
HN7765,JJ_8,taboo,taboo
HN1437,JJ_2,taboo,taboo
HN1533,JJ_24,taboo,taboo
HN1533,JJ_2,taboo,taboo
HN461,JJ_24,taboo,taboo
HN461,JJ_2,taboo,taboo
HN461,JJ_82,taboo,taboo
HN461,JJ_8,taboo,taboo
HN6376,JJ_12,taboo,taboo
HN6376,JJ_126,taboo,taboo
HN6376,JJ_1,taboo,taboo
HN6105,JJ_2,taboo,taboo
HN6105,JJ_82,taboo,taboo
HN6105,JJ_8,taboo,taboo
HN4243,JJ_14,taboo,taboo
HN4243,JJ_2,taboo,taboo
HN4243,JJ_142,taboo,taboo
HN4243,JJ_82,taboo,taboo
HN4243,JJ_1,taboo,taboo
HN4243,JJ_8,taboo,taboo
HN3465,JJ_24,taboo,taboo
HN3465,JJ_2,taboo,taboo
HN314,JJ_2,taboo,taboo
HN4531,JJ_2,taboo,taboo
HN7244,JJ_2,taboo,taboo
HN4180,JJ_2,taboo,taboo
HN2537,JJ_24,taboo,taboo
HN2537,JJ_2,taboo,taboo
HN4491,JJ_2,taboo,taboo
HN5634,JJ_2,taboo,taboo
HN5634,JJ_82,taboo,taboo
HN5634,JJ_24,taboo,taboo
HN5634,JJ_8,taboo,taboo
HN3699,JJ_82,taboo,taboo
HN3699,JJ_8,taboo,taboo
HN8861,JJ_2,taboo,taboo
HN3696,JJ_2,taboo,taboo
HN5498,JJ_4,taboo,taboo
HN5498,JJ_43,taboo,taboo
HN4558,JJ_43,taboo,taboo
HN4558,JJ_4,taboo,taboo
HN810,JJ_2,taboo,taboo
HN2107,JJ_8,taboo,taboo
HN2107,JJ_82,taboo,taboo
HN3503,JJ_2,taboo,taboo
HN4291,JJ_2,taboo,taboo
HN4173,JJ_2,taboo,taboo
HN2190,JJ_2,taboo,taboo
HN2190,JJ_80,taboo,taboo
HN2190,JJ_8,taboo,taboo
HN3836,JJ_2,taboo,taboo
HN3836,JJ_72,taboo,taboo
HN3836,JJ_24,taboo,taboo
HN3836,JJ_7,taboo,taboo
HN3496,JJ_2,taboo,taboo
HN3496,JJ_72,taboo,taboo
HN3496,JJ_24,taboo,taboo
HN3496,JJ_7,taboo,taboo
HN1432,JJ_72,taboo,taboo
HN1432,JJ_7,taboo,taboo
HN1825,JJ_24,taboo,taboo
HN1825,JJ_2,taboo,taboo
HN157,JJ_2,taboo,taboo
HN5181,JJ_2,taboo,taboo
HN5181,JJ_82,taboo,taboo
HN5181,JJ_81,taboo,taboo
HN5181,JJ_8,taboo,taboo
HN4866,JJ_4,taboo,taboo
HN4866,JJ_2,taboo,taboo
HN4866,JJ_43,taboo,taboo
HN4866,JJ_1,taboo,taboo
HN4866,JJ_155,taboo,taboo
HN4866,JJ_15,taboo,taboo
HN4866,JJ_24,taboo,taboo
HN731,JJ_2,taboo,taboo
HN2189,JJ_2,taboo,taboo
HN3009,JJ_82,taboo,taboo
HN3009,JJ_8,taboo,taboo
HN5745,JJ_8,taboo,taboo
HN5745,JJ_82,taboo,taboo
HN5745,JJ_2,taboo,taboo
HN6211,JJ_4,taboo,taboo
HN6211,JJ_2,taboo,taboo
HN6211,JJ_82,taboo,taboo
HN6211,JJ_1,taboo,taboo
HN6211,JJ_155,taboo,taboo
HN6211,JJ_15,taboo,taboo
HN6211,JJ_24,taboo,taboo
HN6211,JJ_8,taboo,taboo
HN7405,JJ_2,taboo,taboo
HN4553,JJ_2,taboo,taboo
HN4553,JJ_82,taboo,taboo
HN4553,JJ_24,taboo,taboo
HN4553,JJ_8,taboo,taboo
HN1969,JJ_2,taboo,taboo
HN1969,JJ_80,taboo,taboo
HN1969,JJ_8,taboo,taboo
HN8716,JJ_72,taboo,taboo
HN8716,JJ_7,taboo,taboo
HN2555,JJ_2,taboo,taboo
HN3978,JJ_82,taboo,taboo
HN3978,JJ_8,taboo,taboo
HN6729,JJ_2,taboo,taboo
HN3742,JJ_24,taboo,taboo
HN3742,JJ_2,taboo,taboo
HN7007,JJ_2,taboo,taboo
HN7007,JJ_82,taboo,taboo
HN7007,JJ_8,taboo,taboo
HN3643,JJ_2,taboo,taboo
HN3643,JJ_3,taboo,taboo
HN3643,JJ_38,taboo,taboo
HN3643,JJ_24,taboo,taboo
HN2735,JJ_2,taboo,taboo
HN5248,JJ_2,taboo,taboo
HN9036,JJ_2,taboo,taboo
HN4960,JJ_2,taboo,taboo
HN988,JJ_2,taboo,taboo
HN7208,JJ_72,taboo,taboo
HN7208,JJ_7,taboo,taboo
HN4878,JJ_82,taboo,taboo
HN4878,JJ_8,taboo,taboo
HN4606,JJ_72,taboo,taboo
HN4606,JJ_7,taboo,taboo
HN6378,JJ_2,taboo,taboo
HN4067,JJ_24,taboo,taboo
HN4067,JJ_2,taboo,taboo
HN8512,JJ_2,taboo,taboo
HN679,JJ_2,taboo,taboo
HN5256,JJ_2,taboo,taboo
HN7226,JJ_2,taboo,taboo
HN1417,JJ_2,taboo,taboo
HN7076,JJ_2,taboo,taboo
HN8322,JJ_2,taboo,taboo
HN6549,JJ_24,taboo,taboo
HN6549,JJ_2,taboo,taboo
HN8721,JJ_4,taboo,taboo
HN8721,JJ_72,taboo,taboo
HN8721,JJ_43,taboo,taboo
HN8721,JJ_7,taboo,taboo
HN6121,JJ_2,taboo,taboo
HN7898,JJ_24,taboo,taboo
HN7898,JJ_2,taboo,taboo
HN7230,JJ_2,taboo,taboo
HN2077,JJ_72,taboo,taboo
HN2077,JJ_7,taboo,taboo
HN7922,JJ_24,taboo,taboo
HN7922,JJ_2,taboo,taboo
HN862,JJ_2,taboo,taboo
HN7227,JJ_2,taboo,taboo
HN2563,JJ_2,taboo,taboo
HN2563,JJ_82,taboo,taboo
HN2563,JJ_18,taboo,taboo
HN2563,JJ_1,taboo,taboo
HN2563,JJ_80,taboo,taboo
HN2563,JJ_8,taboo,taboo
HN2563,JJ_186,taboo,taboo
HN7124,JJ_2,taboo,taboo
HN815,JJ_43,taboo,taboo
HN815,JJ_4,taboo,taboo
HN984,JJ_82,taboo,taboo
HN984,JJ_8,taboo,taboo
HN1995,JJ_2,taboo,taboo
HN2417,JJ_2,taboo,taboo
HN3895,JJ_2,taboo,taboo
HN814,JJ_2,taboo,taboo
HN8909,JJ_2,taboo,taboo
HN8909,JJ_80,taboo,taboo
HN8909,JJ_8,taboo,taboo
HN7247,JJ_2,taboo,taboo
HN7247,JJ_82,taboo,taboo
HN7247,JJ_24,taboo,taboo
HN7247,JJ_8,taboo,taboo
HN3980,JJ_2,taboo,taboo
HN6764,JJ_2,taboo,taboo
HN1233,JJ_2,taboo,taboo
HN7455,JJ_24,taboo,taboo
HN7455,JJ_2,taboo,taboo
HN7545,JJ_24,taboo,taboo
HN7545,JJ_2,taboo,taboo
HN7075,JJ_24,taboo,taboo
HN7075,JJ_2,taboo,taboo
HN7075,JJ_82,taboo,taboo
HN7075,JJ_8,taboo,taboo
HN5144,JJ_24,taboo,taboo
HN5144,JJ_2,taboo,taboo
HN1884,JJ_22,taboo,taboo
HN1884,JJ_2,taboo,taboo
HN725,JJ_24,taboo,taboo
HN725,JJ_2,taboo,taboo
HN7215,JJ_2,taboo,taboo
HN4155,JJ_24,taboo,taboo
HN4155,JJ_2,taboo,taboo
HN5882,JJ_2,taboo,taboo
HN6277,JJ_2,taboo,taboo
HN4763,JJ_2,taboo,taboo
HN5954,JJ_72,taboo,taboo
HN5954,JJ_7,taboo,taboo
HN6703,JJ_24,taboo,taboo
HN6703,JJ_2,taboo,taboo
HN6703,JJ_82,taboo,taboo
HN6703,JJ_8,taboo,taboo
HN6289,JJ_2,taboo,taboo
HN7479,JJ_24,taboo,taboo
HN7479,JJ_2,taboo,taboo
HN8402,JJ_2,taboo,taboo
HN1921,JJ_2,taboo,taboo
HN1682,JJ_2,taboo,taboo
HN57,JJ_2,taboo,taboo
HN512,JJ_2,taboo,taboo
HN2420,JJ_2,taboo,taboo
HN1079,JJ_2,taboo,taboo
HN7137,JJ_2,taboo,taboo
HN1345,JJ_2,taboo,taboo
HN9030,JJ_14,taboo,taboo
HN9030,JJ_2,taboo,taboo
HN9030,JJ_1,taboo,taboo
HN9030,JJ_155,taboo,taboo
HN9030,JJ_15,taboo,taboo
HN9030,JJ_141,taboo,taboo
HN4412,JJ_2,taboo,taboo
HN2204,JJ_2,taboo,taboo
HN2204,JJ_22,taboo,taboo
HN3180,JJ_2,taboo,taboo
HN8921,JJ_2,taboo,taboo
HN9130,JJ_80,taboo,taboo
HN9130,JJ_8,taboo,taboo
HN6059,JJ_7,taboo,taboo
HN6059,JJ_2,taboo,taboo
HN328,JJ_4,taboo,taboo
HN328,JJ_2,taboo,taboo
HN328,JJ_43,taboo,taboo
HN4597,JJ_3,taboo,taboo
HN2407,JJ_55,taboo,taboo
HN2407,JJ_5,taboo,taboo
HN7729,JJ_15,taboo,taboo
HN7729,JJ_150,taboo,taboo
HN7729,JJ_1,taboo,taboo
HN6975,JJ_2,taboo,taboo
HN6975,JJ_82,taboo,taboo
HN6975,JJ_8,taboo,taboo
HN73,JJ_24,taboo,taboo
HN73,JJ_2,taboo,taboo
HN4061,JJ_72,taboo,taboo
HN4061,JJ_7,taboo,taboo
HN4004,JJ_24,taboo,taboo
HN4004,JJ_2,taboo,taboo
HN4004,JJ_82,taboo,taboo
HN4004,JJ_8,taboo,taboo
HN6803,JJ_2,taboo,taboo
HN6803,JJ_82,taboo,taboo
HN6803,JJ_8,taboo,taboo
HN4342,JJ_3,taboo,taboo
HN1259,JJ_16,taboo,taboo
HN1259,JJ_166,taboo,taboo
HN1259,JJ_1,taboo,taboo
HN2310,JJ_2,taboo,taboo
HN5260,JJ_2,taboo,taboo
HN8498,JJ_72,taboo,taboo
HN8498,JJ_7,taboo,taboo
HN7269,JJ_2,taboo,taboo
HN7246,JJ_2,taboo,taboo
HN7246,JJ_24,taboo,taboo
HN4989,JJ_20,taboo,taboo
HN4989,JJ_2,taboo,taboo
HN1403,JJ_12,taboo,taboo
HN1403,JJ_4,taboo,taboo
HN1403,JJ_2,taboo,taboo
HN1403,JJ_1,taboo,taboo
HN1403,JJ_126,taboo,taboo
HN1403,JJ_43,taboo,taboo
HN3948,JJ_129,taboo,taboo
HN3948,JJ_12,taboo,taboo
HN3948,JJ_2,taboo,taboo
HN3948,JJ_1,taboo,taboo
HN3332,JJ_2,taboo,taboo
HN1848,JJ_2,taboo,taboo
HN5707,JJ_3,taboo,taboo
HN3478,JJ_3,taboo,taboo
HN1511,JJ_3,taboo,taboo
HN4896,JJ_14,taboo,taboo
HN4896,JJ_1,taboo,taboo
HN4896,JJ_2,taboo,taboo
HN4896,JJ_140,taboo,taboo
HN4896,JJ_24,taboo,taboo
HN4810,JJ_72,taboo,taboo
HN4810,JJ_7,taboo,taboo
HN5289,JJ_2,taboo,taboo
HN5289,JJ_24,taboo,taboo
HN268,JJ_8,taboo,taboo
HN268,JJ_82,taboo,taboo
HN7178,JJ_24,taboo,taboo
HN7178,JJ_2,taboo,taboo
HN6213,JJ_2,taboo,taboo
HN318,JJ_2,taboo,taboo
HN5872,JJ_2,taboo,taboo
HN2426,JJ_4,taboo,taboo
HN2426,JJ_43,taboo,taboo
HN6500,JJ_2,taboo,taboo
HN5650,JJ_2,taboo,taboo
HN450,JJ_15,taboo,taboo
HN450,JJ_155,taboo,taboo
HN450,JJ_1,taboo,taboo
HN1489,JJ_4,taboo,taboo
HN1489,JJ_47,taboo,taboo
HN3946,JJ_8,taboo,taboo
HN3946,JJ_82,taboo,taboo
HN5811,JJ_2,taboo,taboo
HN133,JJ_16,taboo,taboo
HN133,JJ_166,taboo,taboo
HN133,JJ_1,taboo,taboo
HN5005,JJ_16,taboo,taboo
HN5005,JJ_166,taboo,taboo
HN5005,JJ_1,taboo,taboo
HN5266,JJ_2,taboo,taboo
HN7003,JJ_2,taboo,taboo
HN5985,JJ_15,taboo,taboo
HN5985,JJ_155,taboo,taboo
HN5985,JJ_1,taboo,taboo
HN6285,JJ_24,taboo,taboo
HN6285,JJ_2,taboo,taboo
HN3266,JJ_2,taboo,taboo
HN8851,JJ_4,taboo,taboo
HN8851,JJ_43,taboo,taboo
HN274,JJ_14,taboo,taboo
HN274,JJ_147,taboo,taboo
HN274,JJ_1,taboo,taboo
HN4961,JJ_2,taboo,taboo
HN4284,JJ_8,taboo,taboo
HN4284,JJ_82,taboo,taboo
HN6638,JJ_15,taboo,taboo
HN6638,JJ_155,taboo,taboo
HN6638,JJ_1,taboo,taboo
HN3608,JJ_24,taboo,taboo
HN3608,JJ_2,taboo,taboo
HN5843,JJ_2,taboo,taboo
HN3683,JJ_113,taboo,taboo
HN3683,JJ_11,taboo,taboo
HN3683,JJ_1,taboo,taboo
HN4111,JJ_2,taboo,taboo
HN1115,JJ_4,taboo,taboo
HN1115,JJ_43,taboo,taboo
HN1115,JJ_2,taboo,taboo
HN4328,JJ_2,taboo,taboo
HN6329,JJ_24,taboo,taboo
HN6329,JJ_2,taboo,taboo
HN1486,JJ_2,taboo,taboo
HN3005,JJ_8,taboo,taboo
HN3005,JJ_82,taboo,taboo
HN7414,JJ_8,taboo,taboo
HN7414,JJ_82,taboo,taboo
HN7414,JJ_24,taboo,taboo
HN7414,JJ_2,taboo,taboo
HN6843,JJ_2,taboo,taboo
HN190,JJ_2,taboo,taboo
HN1904,JJ_2,taboo,taboo
HN887,JJ_8,taboo,taboo
HN887,JJ_82,taboo,taboo
HN1880,JJ_24,taboo,taboo
HN1880,JJ_2,taboo,taboo
HN5528,JJ_4,taboo,taboo
HN5528,JJ_47,taboo,taboo
HN5528,JJ_24,taboo,taboo
HN5528,JJ_2,taboo,taboo
HN8148,JJ_8,taboo,taboo
HN8148,JJ_82,taboo,taboo
HN3703,JJ_12,taboo,taboo
HN3703,JJ_24,taboo,taboo
HN3703,JJ_2,taboo,taboo
HN3703,JJ_128,taboo,taboo
HN3703,JJ_1,taboo,taboo
HN6492,JJ_8,taboo,taboo
HN6492,JJ_82,taboo,taboo
HN6492,JJ_24,taboo,taboo
HN6492,JJ_2,taboo,taboo
HN571,JJ_3,taboo,taboo
HN571,JJ_36,taboo,taboo
HN3281,JJ_2,taboo,taboo
HN1030,JJ_72,taboo,taboo
HN1030,JJ_7,taboo,taboo
HN1030,JJ_4,taboo,taboo
HN1030,JJ_43,taboo,taboo
HN1030,JJ_24,taboo,taboo
HN1030,JJ_2,taboo,taboo
HN8962,JJ_4,taboo,taboo
HN8962,JJ_43,taboo,taboo
HN8962,JJ_24,taboo,taboo
HN8962,JJ_2,taboo,taboo
HN4146,JJ_2,taboo,taboo
HN1285,JJ_72,taboo,taboo
HN1285,JJ_7,taboo,taboo
HN3760,JJ_2,taboo,taboo
HN3013,JJ_2,taboo,taboo
HN3930,JJ_2,taboo,taboo
HN5234,JJ_2,taboo,taboo
HN7939,JJ_2,taboo,taboo
HN7294,JJ_2,taboo,taboo
HN1138,JJ_2,taboo,taboo
HN6043,JJ_8,taboo,taboo
HN6043,JJ_82,taboo,taboo
HN6043,JJ_2,taboo,taboo
HN9005,JJ_8,taboo,taboo
HN9005,JJ_82,taboo,taboo
HN2257,JJ_4,taboo,taboo
HN2257,JJ_43,taboo,taboo
HN1476,JJ_8,taboo,taboo
HN1476,JJ_82,taboo,taboo
HN1476,JJ_2,taboo,taboo
HN1740,JJ_80,taboo,taboo
HN1740,JJ_8,taboo,taboo
HN1740,JJ_24,taboo,taboo
HN1740,JJ_2,taboo,taboo
HN4704,JJ_2,taboo,taboo
HN4401,JJ_12,taboo,taboo
HN4401,JJ_8,taboo,taboo
HN4401,JJ_126,taboo,taboo
HN4401,JJ_82,taboo,taboo
HN4401,JJ_24,taboo,taboo
HN4401,JJ_2,taboo,taboo
HN4401,JJ_1,taboo,taboo
HN7538,JJ_2,taboo,taboo
HN2536,JJ_72,taboo,taboo
HN2536,JJ_7,taboo,taboo
HN4252,JJ_2,taboo,taboo
HN3722,JJ_2,taboo,taboo
HN2740,JJ_72,taboo,taboo
HN2740,JJ_7,taboo,taboo
HN4708,JJ_4,taboo,taboo
HN4708,JJ_43,taboo,taboo
HN6837,JJ_2,taboo,taboo
HN355,JJ_4,taboo,taboo
HN355,JJ_43,taboo,taboo
HN650,JJ_2,taboo,taboo
HN5937,JJ_2,taboo,taboo
HN697,JJ_2,taboo,taboo
HN8088,JJ_12,taboo,taboo
HN8088,JJ_8,taboo,taboo
HN8088,JJ_126,taboo,taboo
HN8088,JJ_82,taboo,taboo
HN8088,JJ_2,taboo,taboo
HN8088,JJ_1,taboo,taboo
HN2405,JJ_2,taboo,taboo
HN6597,JJ_2,taboo,taboo
HN1731,JJ_2,taboo,taboo
HN1611,JJ_8,taboo,taboo
HN1611,JJ_82,taboo,taboo
HN1611,JJ_2,taboo,taboo
HN382,JJ_2,taboo,taboo
HN5304,JJ_2,taboo,taboo
HN4479,JJ_2,taboo,taboo
HN6844,JJ_8,taboo,taboo
HN6844,JJ_82,taboo,taboo
HN3625,JJ_2,taboo,taboo
HN103,JJ_2,taboo,taboo
HN7979,JJ_8,taboo,taboo
HN7979,JJ_82,taboo,taboo
HN5583,JJ_11,taboo,taboo
HN5583,JJ_8,taboo,taboo
HN5583,JJ_82,taboo,taboo
HN5583,JJ_117,taboo,taboo
HN5583,JJ_1,taboo,taboo
HN8825,JJ_8,taboo,taboo
HN8825,JJ_82,taboo,taboo
HN8825,JJ_24,taboo,taboo
HN8825,JJ_2,taboo,taboo
HN2234,JJ_2,taboo,taboo
HN710,JJ_8,taboo,taboo
HN710,JJ_82,taboo,taboo
HN710,JJ_2,taboo,taboo
HN5488,JJ_2,taboo,taboo
HN602,JJ_8,taboo,taboo
HN602,JJ_82,taboo,taboo
HN602,JJ_24,taboo,taboo
HN602,JJ_2,taboo,taboo
HN1828,JJ_2,taboo,taboo
HN3124,JJ_2,taboo,taboo
HN4100,JJ_8,taboo,taboo
HN4100,JJ_82,taboo,taboo
HN8598,JJ_24,taboo,taboo
HN8598,JJ_2,taboo,taboo
HN606,JJ_2,taboo,taboo
HN1161,JJ_2,taboo,taboo
HN5511,JJ_2,taboo,taboo
HN7235,JJ_8,taboo,taboo
HN7235,JJ_82,taboo,taboo
HN4185,JJ_24,taboo,taboo
HN4185,JJ_2,taboo,taboo
HN4119,JJ_2,taboo,taboo
HN8525,JJ_2,taboo,taboo
HN8451,JJ_8,taboo,taboo
HN8451,JJ_82,taboo,taboo
HN8318,JJ_12,taboo,taboo
HN8318,JJ_128,taboo,taboo
HN8318,JJ_1,taboo,taboo
HN4674,JJ_2,taboo,taboo
HN4611,JJ_2,taboo,taboo
HN5704,JJ_24,taboo,taboo
HN5704,JJ_2,taboo,taboo
HN8731,JJ_2,taboo,taboo
HN6075,JJ_2,taboo,taboo
HN4489,JJ_24,taboo,taboo
HN4489,JJ_2,taboo,taboo
HN104,JJ_72,taboo,taboo
HN104,JJ_7,taboo,taboo
HN8596,JJ_24,taboo,taboo
HN8596,JJ_2,taboo,taboo
HN8228,JJ_80,taboo,taboo
HN8228,JJ_8,taboo,taboo
HN8228,JJ_82,taboo,taboo
HN8228,JJ_24,taboo,taboo
HN8228,JJ_2,taboo,taboo
HN7628,JJ_72,taboo,taboo
HN7628,JJ_7,taboo,taboo
HN6642,JJ_8,taboo,taboo
HN6642,JJ_82,taboo,taboo
HN6857,JJ_4,taboo,taboo
HN6857,JJ_43,taboo,taboo
HN5589,JJ_4,taboo,taboo
HN5589,JJ_43,taboo,taboo
HN2248,JJ_2,taboo,taboo
HN5823,JJ_2,taboo,taboo
HN2037,JJ_2,taboo,taboo
HN6288,JJ_72,taboo,taboo
HN6288,JJ_7,taboo,taboo
HN6288,JJ_2,taboo,taboo
HN8371,JJ_2,taboo,taboo
HN8858,JJ_24,taboo,taboo
HN8858,JJ_2,taboo,taboo
HN5040,JJ_2,taboo,taboo
HN4605,JJ_8,taboo,taboo
HN4605,JJ_82,taboo,taboo
HN4605,JJ_2,taboo,taboo
HN7290,JJ_8,taboo,taboo
HN7290,JJ_82,taboo,taboo
HN9020,JJ_24,taboo,taboo
HN9020,JJ_2,taboo,taboo
HN3333,JJ_24,taboo,taboo
HN3333,JJ_2,taboo,taboo
HN3641,JJ_24,taboo,taboo
HN3641,JJ_2,taboo,taboo
HN1933,JJ_2,taboo,taboo
HN3505,JJ_24,taboo,taboo
HN3505,JJ_2,taboo,taboo
HN4177,JJ_4,taboo,taboo
HN4177,JJ_43,taboo,taboo
HN8629,JJ_4,taboo,taboo
HN8629,JJ_43,taboo,taboo
HN8200,JJ_2,taboo,taboo
HN10,JJ_24,taboo,taboo
HN10,JJ_2,taboo,taboo
HN5208,JJ_8,taboo,taboo
HN5208,JJ_82,taboo,taboo
HN5208,JJ_2,taboo,taboo
HN6060,JJ_2,taboo,taboo
HN1216,JJ_2,taboo,taboo
HN5239,JJ_24,taboo,taboo
HN5239,JJ_2,taboo,taboo
HN6924,JJ_8,taboo,taboo
HN6924,JJ_82,taboo,taboo
HN8443,JJ_8,taboo,taboo
HN8443,JJ_82,taboo,taboo
HN2146,JJ_8,taboo,taboo
HN2146,JJ_82,taboo,taboo
HN1865,JJ_2,taboo,taboo
HN809,JJ_2,taboo,taboo
HN1786,JJ_15,taboo,taboo
HN1786,JJ_155,taboo,taboo
HN1786,JJ_1,taboo,taboo
HN4817,JJ_2,taboo,taboo
HN8808,JJ_2,taboo,taboo
HN665,JJ_12,taboo,taboo
HN665,JJ_126,taboo,taboo
HN665,JJ_2,taboo,taboo
HN665,JJ_1,taboo,taboo
HN7844,JJ_2,taboo,taboo
HN3450,JJ_2,taboo,taboo
HN2599,JJ_2,taboo,taboo
HN1687,JJ_2,taboo,taboo
HN7469,JJ_2,taboo,taboo
HN5072,JJ_2,taboo,taboo
HN6174,JJ_2,taboo,taboo
HN6416,JJ_12,taboo,taboo
HN6416,JJ_126,taboo,taboo
HN6416,JJ_2,taboo,taboo
HN6416,JJ_1,taboo,taboo
HN3353,JJ_2,taboo,taboo
HN6406,JJ_2,taboo,taboo
HN1344,JJ_8,taboo,taboo
HN1344,JJ_82,taboo,taboo
HN5854,JJ_2,taboo,taboo
HN626,JJ_2,taboo,taboo
HN3755,JJ_2,taboo,taboo
HN2703,JJ_4,taboo,taboo
HN2703,JJ_47,taboo,taboo
HN8183,JJ_24,taboo,taboo
HN8183,JJ_2,taboo,taboo
HN3349,JJ_24,taboo,taboo
HN3349,JJ_2,taboo,taboo
HN5001,JJ_2,taboo,taboo
HN7476,JJ_2,taboo,taboo
HN1667,JJ_8,taboo,taboo
HN1667,JJ_82,taboo,taboo
HN1667,JJ_24,taboo,taboo
HN1667,JJ_2,taboo,taboo
HN1537,JJ_2,taboo,taboo
HN1806,JJ_2,taboo,taboo
HN621,JJ_4,taboo,taboo
HN621,JJ_43,taboo,taboo
HN835,JJ_8,taboo,taboo
HN835,JJ_82,taboo,taboo
HN835,JJ_24,taboo,taboo
HN835,JJ_2,taboo,taboo
HN3771,JJ_8,taboo,taboo
HN3771,JJ_82,taboo,taboo
HN1885,JJ_8,taboo,taboo
HN1885,JJ_82,taboo,taboo
HN6934,JJ_2,taboo,taboo
HN1495,JJ_2,taboo,taboo
HN300,JJ_15,taboo,taboo
HN300,JJ_155,taboo,taboo
HN300,JJ_1,taboo,taboo
HN4095,JJ_2,taboo,taboo
HN6295,JJ_2,taboo,taboo
HN3558,JJ_8,taboo,taboo
HN3558,JJ_82,taboo,taboo
HN8282,JJ_72,taboo,taboo
HN8282,JJ_7,taboo,taboo
HN4661,JJ_80,taboo,taboo
HN4661,JJ_8,taboo,taboo
HN4661,JJ_2,taboo,taboo
HN6472,JJ_2,taboo,taboo
HN822,JJ_8,taboo,taboo
HN822,JJ_82,taboo,taboo
HN558,JJ_12,taboo,taboo
HN558,JJ_126,taboo,taboo
HN558,JJ_1,taboo,taboo
HN1131,JJ_8,taboo,taboo
HN1131,JJ_82,taboo,taboo
HN1131,JJ_2,taboo,taboo
HN8116,JJ_2,taboo,taboo
HN1173,JJ_15,taboo,taboo
HN1173,JJ_155,taboo,taboo
HN1173,JJ_1,taboo,taboo
HN2074,JJ_24,taboo,taboo
HN2074,JJ_2,taboo,taboo
HN489,JJ_2,taboo,taboo
HN4830,JJ_15,taboo,taboo
HN4830,JJ_24,taboo,taboo
HN4830,JJ_2,taboo,taboo
HN4830,JJ_155,taboo,taboo
HN4830,JJ_1,taboo,taboo
HN6261,JJ_24,taboo,taboo
HN6261,JJ_2,taboo,taboo
HN8605,JJ_101,taboo,taboo
HN8605,JJ_1,taboo,taboo
HN3501,JJ_24,taboo,taboo
HN3501,JJ_2,taboo,taboo
HN248,JJ_2,taboo,taboo
HN4208,JJ_2,taboo,taboo
HN3111,JJ_15,taboo,taboo
HN3111,JJ_8,taboo,taboo
HN3111,JJ_82,taboo,taboo
HN3111,JJ_24,taboo,taboo
HN3111,JJ_2,taboo,taboo
HN3111,JJ_155,taboo,taboo
HN3111,JJ_1,taboo,taboo
HN1622,JJ_2,taboo,taboo
HN1468,JJ_2,taboo,taboo
HN4200,JJ_2,taboo,taboo
HN1302,JJ_2,taboo,taboo
HN6155,JJ_2,taboo,taboo
HN5547,JJ_8,taboo,taboo
HN5547,JJ_82,taboo,taboo
HN1143,JJ_2,taboo,taboo
HN2012,JJ_72,taboo,taboo
HN2012,JJ_7,taboo,taboo
HN8144,JJ_8,taboo,taboo
HN8144,JJ_82,taboo,taboo
HN8144,JJ_2,taboo,taboo
HN4124,JJ_24,taboo,taboo
HN4124,JJ_2,taboo,taboo
HN4000,JJ_12,taboo,taboo
HN4000,JJ_126,taboo,taboo
HN4000,JJ_1,taboo,taboo
HN2007,JJ_2,taboo,taboo
HN1657,JJ_2,taboo,taboo
HN2676,JJ_24,taboo,taboo
HN2676,JJ_2,taboo,taboo
HN4470,JJ_24,taboo,taboo
HN4470,JJ_2,taboo,taboo
HN5891,JJ_72,taboo,taboo
HN5891,JJ_7,taboo,taboo
HN5891,JJ_4,taboo,taboo
HN5891,JJ_43,taboo,taboo
HN5003,JJ_2,taboo,taboo
HN1427,JJ_2,taboo,taboo
HN1898,JJ_12,taboo,taboo
HN1898,JJ_126,taboo,taboo
HN1898,JJ_1,taboo,taboo
HN5308,JJ_24,taboo,taboo
HN5308,JJ_2,taboo,taboo
HN4056,JJ_4,taboo,taboo
HN4056,JJ_43,taboo,taboo
HN8018,JJ_2,taboo,taboo
HN4735,JJ_2,taboo,taboo
HN1033,JJ_8,taboo,taboo
HN1033,JJ_82,taboo,taboo
HN1033,JJ_2,taboo,taboo
HN594,JJ_2,taboo,taboo
HN1686,JJ_2,taboo,taboo
HN2813,JJ_12,taboo,taboo
HN2813,JJ_126,taboo,taboo
HN2813,JJ_2,taboo,taboo
HN2813,JJ_1,taboo,taboo
HN6257,JJ_72,taboo,taboo
HN6257,JJ_7,taboo,taboo
HN1111,JJ_80,taboo,taboo
HN1111,JJ_8,taboo,taboo
HN1111,JJ_24,taboo,taboo
HN1111,JJ_2,taboo,taboo
HN6968,JJ_24,taboo,taboo
HN6968,JJ_2,taboo,taboo
HN5486,JJ_2,taboo,taboo
HN3051,JJ_8,taboo,taboo
HN3051,JJ_82,taboo,taboo
HN2222,JJ_2,taboo,taboo
HN4983,JJ_15,taboo,taboo
HN4983,JJ_24,taboo,taboo
HN4983,JJ_2,taboo,taboo
HN4983,JJ_155,taboo,taboo
HN4983,JJ_1,taboo,taboo
HN3520,JJ_15,taboo,taboo
HN3520,JJ_155,taboo,taboo
HN3520,JJ_1,taboo,taboo
HN8676,JJ_15,taboo,taboo
HN8676,JJ_155,taboo,taboo
HN8676,JJ_1,taboo,taboo
HN5791,JJ_2,taboo,taboo
HN7200,JJ_8,taboo,taboo
HN7200,JJ_82,taboo,taboo
HN112,JJ_8,taboo,taboo
HN112,JJ_82,taboo,taboo
HN2275,JJ_24,taboo,taboo
HN2275,JJ_2,taboo,taboo
HN2926,JJ_2,taboo,taboo
HN3141,JJ_2,taboo,taboo
HN6880,JJ_8,taboo,taboo
HN6880,JJ_82,taboo,taboo
HN2984,JJ_2,taboo,taboo
HN2145,JJ_24,taboo,taboo
HN2145,JJ_2,taboo,taboo
HN8467,JJ_24,taboo,taboo
HN8467,JJ_2,taboo,taboo
HN5210,JJ_2,taboo,taboo
HN6970,JJ_2,taboo,taboo
HN2481,JJ_24,taboo,taboo
HN2481,JJ_2,taboo,taboo
HN3176,JJ_2,taboo,taboo
HN5183,JJ_4,taboo,taboo
HN5183,JJ_43,taboo,taboo
HN5183,JJ_2,taboo,taboo
HN2892,JJ_8,taboo,taboo
HN2892,JJ_82,taboo,taboo
HN2892,JJ_2,taboo,taboo
HN6238,JJ_2,taboo,taboo
HN5718,JJ_24,taboo,taboo
HN5718,JJ_2,taboo,taboo
HN4551,JJ_14,taboo,taboo
HN4551,JJ_144,taboo,taboo
HN4551,JJ_24,taboo,taboo
HN4551,JJ_2,taboo,taboo
HN4551,JJ_1,taboo,taboo
HN7693,JJ_2,taboo,taboo
HN7399,JJ_2,taboo,taboo
HN8477,JJ_2,taboo,taboo
HN8307,JJ_2,taboo,taboo
HN1197,JJ_2,taboo,taboo
HN5664,JJ_4,taboo,taboo
HN5664,JJ_43,taboo,taboo
HN5610,JJ_2,taboo,taboo
HN6432,JJ_24,taboo,taboo
HN6432,JJ_2,taboo,taboo
HN3539,JJ_2,taboo,taboo
HN3676,JJ_4,taboo,taboo
HN3676,JJ_43,taboo,taboo
HN5696,JJ_24,taboo,taboo
HN5696,JJ_2,taboo,taboo
HN6457,JJ_2,taboo,taboo
HN6377,JJ_2,taboo,taboo
HN7068,JJ_8,taboo,taboo
HN7068,JJ_82,taboo,taboo
HN195,JJ_8,taboo,taboo
HN195,JJ_82,taboo,taboo
HN6727,JJ_72,taboo,taboo
HN6727,JJ_7,taboo,taboo
HN6727,JJ_4,taboo,taboo
HN6727,JJ_43,taboo,taboo
HN6553,JJ_2,taboo,taboo
HN5149,JJ_80,taboo,taboo
HN5149,JJ_8,taboo,taboo
HN5149,JJ_82,taboo,taboo
HN544,JJ_2,taboo,taboo
HN5866,JJ_2,taboo,taboo
HN6825,JJ_24,taboo,taboo
HN6825,JJ_2,taboo,taboo
HN1299,JJ_12,taboo,taboo
HN1299,JJ_126,taboo,taboo
HN1299,JJ_2,taboo,taboo
HN1299,JJ_1,taboo,taboo
HN386,JJ_80,taboo,taboo
HN386,JJ_8,taboo,taboo
HN386,JJ_2,taboo,taboo
HN5922,JJ_2,taboo,taboo
HN9053,JJ_4,taboo,taboo
HN9053,JJ_43,taboo,taboo
HN7412,JJ_2,taboo,taboo
HN3949,JJ_2,taboo,taboo
HN693,JJ_24,taboo,taboo
HN693,JJ_2,taboo,taboo
HN8197,JJ_22,taboo,taboo
HN8197,JJ_2,taboo,taboo
HN9040,JJ_2,taboo,taboo
HN6901,JJ_2,taboo,taboo
HN1953,JJ_2,taboo,taboo
HN1956,JJ_2,taboo,taboo
HN3237,JJ_2,taboo,taboo
HN5803,JJ_2,taboo,taboo
HN1729,JJ_12,taboo,taboo
HN1729,JJ_8,taboo,taboo
HN1729,JJ_126,taboo,taboo
HN1729,JJ_82,taboo,taboo
HN1729,JJ_2,taboo,taboo
HN1729,JJ_1,taboo,taboo
HN4949,JJ_2,taboo,taboo
HN8206,JJ_2,taboo,taboo
HN338,JJ_24,taboo,taboo
HN338,JJ_2,taboo,taboo
HN8326,JJ_72,taboo,taboo
HN8326,JJ_7,taboo,taboo
HN8326,JJ_4,taboo,taboo
HN8326,JJ_43,taboo,taboo
HN6308,JJ_24,taboo,taboo
HN6308,JJ_2,taboo,taboo
HN3255,JJ_2,taboo,taboo
HN4697,JJ_2,taboo,taboo
HN4330,JJ_2,taboo,taboo
HN6220,JJ_8,taboo,taboo
HN6220,JJ_82,taboo,taboo
HN6220,JJ_24,taboo,taboo
HN6220,JJ_2,taboo,taboo
HN4981,JJ_8,taboo,taboo
HN4981,JJ_82,taboo,taboo
HN222,JJ_8,taboo,taboo
HN222,JJ_82,taboo,taboo
HN4814,JJ_91,taboo,taboo
HN4814,JJ_2,taboo,taboo
HN4814,JJ_9,taboo,taboo
HN8634,JJ_24,taboo,taboo
HN8634,JJ_2,taboo,taboo
HN8404,JJ_2,taboo,taboo
HN7487,JJ_8,taboo,taboo
HN7487,JJ_82,taboo,taboo
HN8640,JJ_4,taboo,taboo
HN8640,JJ_80,taboo,taboo
HN8640,JJ_8,taboo,taboo
HN8640,JJ_43,taboo,taboo
HN2849,JJ_2,taboo,taboo
HN4510,JJ_2,taboo,taboo
HN5100,JJ_72,taboo,taboo
HN5100,JJ_7,taboo,taboo
HN4882,JJ_2,taboo,taboo
HN8224,JJ_2,taboo,taboo
HN3041,JJ_2,taboo,taboo
HN4378,JJ_2,taboo,taboo
HN8852,JJ_2,taboo,taboo
HN2621,JJ_2,taboo,taboo
HN184,JJ_72,taboo,taboo
HN184,JJ_7,taboo,taboo
HN184,JJ_5,taboo,taboo
HN184,JJ_4,taboo,taboo
HN184,JJ_54,taboo,taboo
HN184,JJ_43,taboo,taboo
HN4196,JJ_2,taboo,taboo
HN1406,JJ_2,taboo,taboo
HN8161,JJ_2,taboo,taboo
HN5627,JJ_5,taboo,taboo
HN5627,JJ_54,taboo,taboo
HN4938,JJ_2,taboo,taboo
HN3829,JJ_4,taboo,taboo
HN3829,JJ_43,taboo,taboo
HN7706,JJ_24,taboo,taboo
HN7706,JJ_2,taboo,taboo
HN8979,JJ_2,taboo,taboo
HN4265,JJ_8,taboo,taboo
HN4265,JJ_82,taboo,taboo
HN4265,JJ_24,taboo,taboo
HN4265,JJ_2,taboo,taboo
HN7070,JJ_2,taboo,taboo
HN6810,JJ_2,taboo,taboo
HN3508,JJ_2,taboo,taboo
HN2921,JJ_2,taboo,taboo
HN2824,JJ_2,taboo,taboo
HN2803,JJ_2,taboo,taboo
HN7885,JJ_2,taboo,taboo
HN1882,JJ_2,taboo,taboo
HN1539,JJ_24,taboo,taboo
HN1539,JJ_2,taboo,taboo
HN6431,JJ_2,taboo,taboo
HN5345,JJ_2,taboo,taboo
HN7733,JJ_4,taboo,taboo
HN7733,JJ_47,taboo,taboo
HN3010,JJ_4,taboo,taboo
HN3010,JJ_43,taboo,taboo
HN3010,JJ_47,taboo,taboo
HN785,JJ_24,taboo,taboo
HN785,JJ_2,taboo,taboo
HN6793,JJ_2,taboo,taboo
HN7388,JJ_2,taboo,taboo
HN2415,JJ_24,taboo,taboo
HN2415,JJ_2,taboo,taboo
HN1103,JJ_24,taboo,taboo
HN1103,JJ_2,taboo,taboo
HN2085,JJ_24,taboo,taboo
HN2085,JJ_2,taboo,taboo
HN3544,JJ_8,taboo,taboo
HN3544,JJ_82,taboo,taboo
HN1700,JJ_2,taboo,taboo
HN1186,JJ_24,taboo,taboo
HN1186,JJ_2,taboo,taboo
HN82,JJ_2,taboo,taboo
HN5122,JJ_2,taboo,taboo
HN6254,JJ_2,taboo,taboo
HN4865,JJ_2,taboo,taboo
HN3905,JJ_2,taboo,taboo
HN9082,JJ_2,taboo,taboo
HN6515,JJ_24,taboo,taboo
HN6515,JJ_2,taboo,taboo
HN8812,JJ_2,taboo,taboo
HN4507,JJ_2,taboo,taboo
HN5981,JJ_12,taboo,taboo
HN5981,JJ_80,taboo,taboo
HN5981,JJ_8,taboo,taboo
HN5981,JJ_126,taboo,taboo
HN5981,JJ_2,taboo,taboo
HN5981,JJ_1,taboo,taboo
HN3245,JJ_2,taboo,taboo
HN3652,JJ_2,taboo,taboo
HN4952,JJ_2,taboo,taboo
HN4691,JJ_2,taboo,taboo
HN5558,JJ_2,taboo,taboo
HN2142,JJ_8,taboo,taboo
HN2142,JJ_82,taboo,taboo
HN7440,JJ_8,taboo,taboo
HN7440,JJ_82,taboo,taboo
HN7440,JJ_24,taboo,taboo
HN7440,JJ_2,taboo,taboo
HN8755,JJ_2,taboo,taboo
HN1691,JJ_2,taboo,taboo
HN6357,JJ_2,taboo,taboo
HN1235,JJ_2,taboo,taboo
HN3998,JJ_24,taboo,taboo
HN3998,JJ_2,taboo,taboo
HN3239,JJ_2,taboo,taboo
HN643,JJ_8,taboo,taboo
HN643,JJ_82,taboo,taboo
HN6197,JJ_2,taboo,taboo
HN3378,JJ_8,taboo,taboo
HN3378,JJ_82,taboo,taboo
HN5841,JJ_2,taboo,taboo
HN3462,JJ_15,taboo,taboo
HN3462,JJ_155,taboo,taboo
HN3462,JJ_1,taboo,taboo
HN2737,JJ_2,taboo,taboo
HN7404,JJ_4,taboo,taboo
HN7404,JJ_43,taboo,taboo
HN5037,JJ_72,taboo,taboo
HN5037,JJ_7,taboo,taboo
HN2246,JJ_2,taboo,taboo
HN2211,JJ_2,taboo,taboo
HN1546,JJ_2,taboo,taboo
HN756,JJ_4,taboo,taboo
HN756,JJ_43,taboo,taboo
HN1671,JJ_2,taboo,taboo
HN5381,JJ_2,taboo,taboo
HN4971,JJ_24,taboo,taboo
HN4971,JJ_2,taboo,taboo
HN2346,JJ_24,taboo,taboo
HN2346,JJ_2,taboo,taboo
HN8967,JJ_24,taboo,taboo
HN8967,JJ_2,taboo,taboo
HN1747,JJ_15,taboo,taboo
HN1747,JJ_155,taboo,taboo
HN1747,JJ_1,taboo,taboo
HN6820,JJ_2,taboo,taboo
HN3514,JJ_80,taboo,taboo
HN3514,JJ_8,taboo,taboo
HN3514,JJ_24,taboo,taboo
HN3514,JJ_2,taboo,taboo
HN183,JJ_2,taboo,taboo
HN1389,JJ_2,taboo,taboo
HN5236,JJ_2,taboo,taboo
HN4836,JJ_2,taboo,taboo
HN8343,JJ_2,taboo,taboo
HN2080,JJ_2,taboo,taboo
HN1330,JJ_2,taboo,taboo
HN8349,JJ_8,taboo,taboo
HN8349,JJ_82,taboo,taboo
HN4940,JJ_2,taboo,taboo
HN3994,JJ_8,taboo,taboo
HN3994,JJ_82,taboo,taboo
HN292,JJ_2,taboo,taboo
HN5936,JJ_2,taboo,taboo
HN1046,JJ_8,taboo,taboo
HN1046,JJ_82,taboo,taboo
HN5469,JJ_2,taboo,taboo
HN365,JJ_2,taboo,taboo
HN1055,JJ_2,taboo,taboo
HN3967,JJ_2,taboo,taboo
HN2585,JJ_2,taboo,taboo
HN7978,JJ_2,taboo,taboo
HN7105,JJ_2,taboo,taboo
HN3065,JJ_24,taboo,taboo
HN3065,JJ_2,taboo,taboo
HN8887,JJ_24,taboo,taboo
HN8887,JJ_2,taboo,taboo
HN2766,JJ_2,taboo,taboo
HN5984,JJ_15,taboo,taboo
HN5984,JJ_24,taboo,taboo
HN5984,JJ_2,taboo,taboo
HN5984,JJ_155,taboo,taboo
HN5984,JJ_1,taboo,taboo
HN3741,JJ_2,taboo,taboo
HN8747,JJ_2,taboo,taboo
HN84,JJ_2,taboo,taboo
HN6156,JJ_24,taboo,taboo
HN6156,JJ_2,taboo,taboo
HN3057,JJ_2,taboo,taboo
HN3114,JJ_2,taboo,taboo
HN5640,JJ_2,taboo,taboo
HN2216,JJ_2,taboo,taboo
HN8379,JJ_2,taboo,taboo
HN6373,JJ_12,taboo,taboo
HN6373,JJ_128,taboo,taboo
HN6373,JJ_1,taboo,taboo
HN908,JJ_15,taboo,taboo
HN908,JJ_155,taboo,taboo
HN908,JJ_1,taboo,taboo
HN3109,JJ_12,taboo,taboo
HN3109,JJ_80,taboo,taboo
HN3109,JJ_8,taboo,taboo
HN3109,JJ_126,taboo,taboo
HN3109,JJ_2,taboo,taboo
HN3109,JJ_1,taboo,taboo
HN855,JJ_8,taboo,taboo
HN855,JJ_82,taboo,taboo
HN855,JJ_2,taboo,taboo
HN1420,JJ_2,taboo,taboo
HN5688,JJ_2,taboo,taboo
HN6204,JJ_5,taboo,taboo
HN6204,JJ_54,taboo,taboo
HN6339,JJ_24,taboo,taboo
HN6339,JJ_2,taboo,taboo
HN1813,JJ_15,taboo,taboo
HN1813,JJ_24,taboo,taboo
HN1813,JJ_2,taboo,taboo
HN1813,JJ_155,taboo,taboo
HN1813,JJ_1,taboo,taboo
HN6719,JJ_2,taboo,taboo
HN8354,JJ_2,taboo,taboo
HN9145,JJ_2,taboo,taboo
HN6157,JJ_2,taboo,taboo
HN5562,JJ_2,taboo,taboo
HN3052,JJ_2,taboo,taboo
HN5458,JJ_2,taboo,taboo
HN5600,JJ_8,taboo,taboo
HN5600,JJ_82,taboo,taboo
HN5600,JJ_24,taboo,taboo
HN5600,JJ_2,taboo,taboo
HN406,JJ_2,taboo,taboo
HN3068,JJ_24,taboo,taboo
HN3068,JJ_2,taboo,taboo
HN5212,JJ_2,taboo,taboo
HN5567,JJ_2,taboo,taboo
HN3827,JJ_2,taboo,taboo
HN4127,JJ_2,taboo,taboo
HN1564,JJ_2,taboo,taboo
HN7225,JJ_2,taboo,taboo
HN3425,JJ_5,taboo,taboo
HN3425,JJ_54,taboo,taboo
HN4740,JJ_12,taboo,taboo
HN4740,JJ_126,taboo,taboo
HN4740,JJ_24,taboo,taboo
HN4740,JJ_2,taboo,taboo
HN4740,JJ_1,taboo,taboo
HN3954,JJ_2,taboo,taboo
HN6405,JJ_24,taboo,taboo
HN6405,JJ_2,taboo,taboo
HN3626,JJ_18,taboo,taboo
HN3626,JJ_80,taboo,taboo
HN3626,JJ_8,taboo,taboo
HN3626,JJ_82,taboo,taboo
HN3626,JJ_2,taboo,taboo
HN3626,JJ_186,taboo,taboo
HN3626,JJ_1,taboo,taboo
HN5428,JJ_80,taboo,taboo
HN5428,JJ_8,taboo,taboo
HN5428,JJ_82,taboo,taboo
HN5428,JJ_2,taboo,taboo
HN5521,JJ_2,taboo,taboo
HN1029,JJ_2,taboo,taboo
HN764,JJ_4,taboo,taboo
HN764,JJ_43,taboo,taboo
HN4628,JJ_2,taboo,taboo
HN965,JJ_4,taboo,taboo
HN965,JJ_43,taboo,taboo
HN1883,JJ_8,taboo,taboo
HN1883,JJ_82,taboo,taboo
HN511,JJ_2,taboo,taboo
HN1514,JJ_8,taboo,taboo
HN1514,JJ_82,taboo,taboo
HN5373,JJ_8,taboo,taboo
HN5373,JJ_82,taboo,taboo
HN5373,JJ_24,taboo,taboo
HN5373,JJ_2,taboo,taboo
HN2810,JJ_2,taboo,taboo
HN3154,JJ_8,taboo,taboo
HN3154,JJ_82,taboo,taboo
HN7177,JJ_2,taboo,taboo
HN3232,JJ_4,taboo,taboo
HN3232,JJ_43,taboo,taboo
HN1381,JJ_2,taboo,taboo
HN698,JJ_80,taboo,taboo
HN698,JJ_8,taboo,taboo
HN698,JJ_2,taboo,taboo
HN2484,JJ_2,taboo,taboo
HN72,JJ_2,taboo,taboo
HN4102,JJ_8,taboo,taboo
HN4102,JJ_82,taboo,taboo
HN160,JJ_2,taboo,taboo
HN4143,JJ_2,taboo,taboo
HN4106,JJ_8,taboo,taboo
HN4106,JJ_82,taboo,taboo
HN4106,JJ_24,taboo,taboo
HN4106,JJ_2,taboo,taboo
HN4238,JJ_8,taboo,taboo
HN4238,JJ_82,taboo,taboo
HN4238,JJ_2,taboo,taboo
HN3336,JJ_2,taboo,taboo
HN3306,JJ_2,taboo,taboo
HN1590,JJ_2,taboo,taboo
HN8145,JJ_2,taboo,taboo
HN719,JJ_2,taboo,taboo
HN3878,JJ_80,taboo,taboo
HN3878,JJ_8,taboo,taboo
HN3878,JJ_82,taboo,taboo
HN3878,JJ_2,taboo,taboo
HN7642,JJ_4,taboo,taboo
HN7642,JJ_47,taboo,taboo
HN3950,JJ_24,taboo,taboo
HN3950,JJ_2,taboo,taboo
HN3970,JJ_2,taboo,taboo
HN6700,JJ_2,taboo,taboo
HN4235,JJ_2,taboo,taboo
HN147,JJ_15,taboo,taboo
HN147,JJ_8,taboo,taboo
HN147,JJ_82,taboo,taboo
HN147,JJ_155,taboo,taboo
HN147,JJ_1,taboo,taboo
HN4906,JJ_24,taboo,taboo
HN4906,JJ_2,taboo,taboo
HN8844,JJ_24,taboo,taboo
HN8844,JJ_2,taboo,taboo
HN8819,JJ_8,taboo,taboo
HN8819,JJ_82,taboo,taboo
HN3996,JJ_2,taboo,taboo
HN8961,JJ_2,taboo,taboo
HN6542,JJ_2,taboo,taboo
HN4891,JJ_3,taboo,taboo
HN4891,JJ_36,taboo,taboo
HN5730,JJ_8,taboo,taboo
HN5730,JJ_82,taboo,taboo
HN2620,JJ_2,taboo,taboo
HN6705,JJ_4,taboo,taboo
HN6705,JJ_43,taboo,taboo
HN6705,JJ_2,taboo,taboo
HN8684,JJ_4,taboo,taboo
HN8684,JJ_43,taboo,taboo
HN8684,JJ_2,taboo,taboo
HN4153,JJ_2,taboo,taboo
HN5026,JJ_2,taboo,taboo
HN6321,JJ_2,taboo,taboo
HN340,JJ_2,taboo,taboo
HN5525,JJ_2,taboo,taboo
HN8914,JJ_4,taboo,taboo
HN8914,JJ_43,taboo,taboo
HN7581,JJ_2,taboo,taboo
HN3588,JJ_2,taboo,taboo
HN1975,JJ_2,taboo,taboo
HN5631,JJ_2,taboo,taboo
HN8739,JJ_2,taboo,taboo
HN6144,JJ_4,taboo,taboo
HN6144,JJ_43,taboo,taboo
HN4211,JJ_2,taboo,taboo
HN5287,JJ_4,taboo,taboo
HN5287,JJ_43,taboo,taboo
HN5190,JJ_2,taboo,taboo
HN1633,JJ_2,taboo,taboo
HN5925,JJ_2,taboo,taboo
HN6937,JJ_2,taboo,taboo
HN1961,JJ_2,taboo,taboo
HN1604,JJ_8,taboo,taboo
HN1604,JJ_82,taboo,taboo
HN1244,JJ_2,taboo,taboo
HN653,JJ_2,taboo,taboo
HN1976,JJ_8,taboo,taboo
HN1976,JJ_82,taboo,taboo
HN4921,JJ_8,taboo,taboo
HN4921,JJ_82,taboo,taboo
HN1393,JJ_8,taboo,taboo
HN1393,JJ_82,taboo,taboo
HN4656,JJ_2,taboo,taboo
HN1999,JJ_2,taboo,taboo
HN7323,JJ_2,taboo,taboo
HN5238,JJ_2,taboo,taboo
HN9148,JJ_2,taboo,taboo
HN3218,JJ_24,taboo,taboo
HN3218,JJ_2,taboo,taboo
HN8256,JJ_2,taboo,taboo
HN8246,JJ_24,taboo,taboo
HN8246,JJ_2,taboo,taboo
HN652,JJ_2,taboo,taboo
HN4576,JJ_2,taboo,taboo
HN2731,JJ_8,taboo,taboo
HN2731,JJ_82,taboo,taboo
HN3021,JJ_15,taboo,taboo
HN3021,JJ_2,taboo,taboo
HN3021,JJ_155,taboo,taboo
HN3021,JJ_1,taboo,taboo
HN5409,JJ_24,taboo,taboo
HN5409,JJ_2,taboo,taboo
HN4522,JJ_2,taboo,taboo
HN2951,JJ_4,taboo,taboo
HN2951,JJ_43,taboo,taboo
HN370,JJ_8,taboo,taboo
HN370,JJ_82,taboo,taboo
HN8670,JJ_2,taboo,taboo
HN1306,JJ_2,taboo,taboo
HN3089,JJ_2,taboo,taboo
HN2332,JJ_2,taboo,taboo
HN8216,JJ_72,taboo,taboo
HN8216,JJ_7,taboo,taboo
HN8216,JJ_4,taboo,taboo
HN8216,JJ_43,taboo,taboo
HN2266,JJ_24,taboo,taboo
HN2266,JJ_2,taboo,taboo
HN1360,JJ_2,taboo,taboo
HN8319,JJ_24,taboo,taboo
HN8319,JJ_2,taboo,taboo
HN6249,JJ_2,taboo,taboo
HN198,JJ_12,taboo,taboo
HN198,JJ_126,taboo,taboo
HN198,JJ_2,taboo,taboo
HN198,JJ_1,taboo,taboo
HN491,JJ_72,taboo,taboo
HN491,JJ_7,taboo,taboo
HN491,JJ_4,taboo,taboo
HN491,JJ_47,taboo,taboo
HN491,JJ_24,taboo,taboo
HN491,JJ_2,taboo,taboo
HN8171,JJ_2,taboo,taboo
HN2742,JJ_2,taboo,taboo
HN8602,JJ_24,taboo,taboo
HN8602,JJ_2,taboo,taboo
HN4014,JJ_2,taboo,taboo
HN2402,JJ_2,taboo,taboo
HN4254,JJ_2,taboo,taboo
HN3269,JJ_8,taboo,taboo
HN3269,JJ_82,taboo,taboo
HN3269,JJ_24,taboo,taboo
HN3269,JJ_2,taboo,taboo
HN806,JJ_24,taboo,taboo
HN806,JJ_2,taboo,taboo
HN7830,JJ_2,taboo,taboo
HN770,JJ_2,taboo,taboo
HN8476,JJ_2,taboo,taboo
HN3867,JJ_2,taboo,taboo
HN4210,JJ_24,taboo,taboo
HN4210,JJ_2,taboo,taboo
HN4651,JJ_2,taboo,taboo
HN3717,JJ_2,taboo,taboo
HN6184,JJ_2,taboo,taboo
HN3670,JJ_2,taboo,taboo
HN3713,JJ_8,taboo,taboo
HN3713,JJ_82,taboo,taboo
HN1234,JJ_2,taboo,taboo
HN3509,JJ_2,taboo,taboo
HN5446,JJ_2,taboo,taboo
HN2250,JJ_24,taboo,taboo
HN2250,JJ_2,taboo,taboo
HN6091,JJ_2,taboo,taboo
HN6477,JJ_2,taboo,taboo
HN5150,JJ_2,taboo,taboo
HN4723,JJ_4,taboo,taboo
HN4723,JJ_43,taboo,taboo
HN2885,JJ_2,taboo,taboo
HN8380,JJ_8,taboo,taboo
HN8380,JJ_82,taboo,taboo
HN8223,JJ_15,taboo,taboo
HN8223,JJ_2,taboo,taboo
HN8223,JJ_155,taboo,taboo
HN8223,JJ_1,taboo,taboo
HN8516,JJ_2,taboo,taboo
HN3729,JJ_2,taboo,taboo
HN2732,JJ_2,taboo,taboo
HN2364,JJ_2,taboo,taboo
HN1412,JJ_8,taboo,taboo
HN1412,JJ_82,taboo,taboo
HN1412,JJ_2,taboo,taboo
HN5940,JJ_72,taboo,taboo
HN5940,JJ_7,taboo,taboo
HN125,JJ_8,taboo,taboo
HN125,JJ_82,taboo,taboo
HN2084,JJ_24,taboo,taboo
HN2084,JJ_2,taboo,taboo
HN7433,JJ_24,taboo,taboo
HN7433,JJ_2,taboo,taboo
HN2858,JJ_2,taboo,taboo
HN2517,JJ_2,taboo,taboo
HN4080,JJ_2,taboo,taboo
HN4985,JJ_24,taboo,taboo
HN4985,JJ_2,taboo,taboo
HN3148,JJ_8,taboo,taboo
HN3148,JJ_82,taboo,taboo
HN2487,JJ_2,taboo,taboo
HN3995,JJ_2,taboo,taboo
HN3540,JJ_2,taboo,taboo
HN3129,JJ_2,taboo,taboo
HN8038,JJ_2,taboo,taboo
HN4504,JJ_2,taboo,taboo
