index:ID,effect,:LABEL
GX_1,慢性支气管炎,effect
GX_2,吐泻,effect
GX_3,龋齿,effect
GX_4,通经止痛,effect
GX_5,宽胸散结,effect
GX_6,复脉,effect
GX_7,小儿肺炎,effect
GX_8,白浊,effect
GX_9,柔肝,effect
GX_10,理气疏肝,effect
GX_11,消疳,effect
GX_12,润肺化痰,effect
GX_13,散热,effect
GX_14,白带,effect
GX_15,生发乌发,effect
GX_16,理气止痛,effect
GX_17,风湿性腰腿痛,effect
GX_18,吐逆,effect
GX_19,散瘀解毒,effect
GX_20,散瘀定痛,effect
GX_21,虚痨咳嗽,effect
GX_22,解痉止痛,effect
GX_23,温经化瘀,effect
GX_24,遗尿尿频,effect
GX_25,清热镇惊,effect
GX_26,杀虫解毒,effect
GX_27,食积胀痛,effect
GX_28,开郁和中,effect
GX_29,清肺热,effect
GX_30,外用治烧烫伤,effect
GX_31,散寒,effect
GX_32,利水通淋,effect
GX_33,温通经脉,effect
GX_34,化痰散痞,effect
GX_35,疏肝利胆,effect
GX_36,平肝镇惊,effect
GX_37,主月经不调,effect
GX_38,折伤,effect
GX_39,止盗汗,effect
GX_40,调经止带,effect
GX_41,活络,effect
GX_42,睾丸肿痛,effect
GX_43,小儿头疮,effect
GX_44,外用杀虫,effect
GX_45,镇惊祛风,effect
GX_46,止咳化痰,effect
GX_47,产后出血,effect
GX_48,蛔虫腹痛,effect
GX_49,解暑,effect
GX_50,皮肤湿疹,effect
GX_51,散癣,effect
GX_52,皮肤瘙痒,effect
GX_53,解毒生肌,effect
GX_54,润心肺,effect
GX_55,肠燥便秘,effect
GX_56,排石,effect
GX_57,清利湿热,effect
GX_58,消痈肿,effect
GX_59,污水逐饮,effect
GX_60,活血消斑,effect
GX_61,益精明目,effect
GX_62,尿血崩漏,effect
GX_63,除寒,effect
GX_64,治虚弱,effect
GX_65,清心化痰,effect
GX_66,通乳,effect
GX_67,小便淋浊,effect
GX_68,滑肠通便,effect
GX_69,瘰疬,effect
GX_70,利膈,effect
GX_71,石淋,effect
GX_72,出血,effect
GX_73,止咳祛痰,effect
GX_74,痈肿疮毒,effect
GX_75,恶疮,effect
GX_76,淋浊,effect
GX_77,益气养血调经,effect
GX_78,顽癣,effect
GX_79,痈疽,effect
GX_80,回乳,effect
GX_81,凉血解毒,effect
GX_82,固肾,effect
GX_83,益气强心,effect
GX_84,解表宣肺,effect
GX_85,小儿食积,effect
GX_86,蛔虫病,effect
GX_87,清热通便,effect
GX_88,妊娠,effect
GX_89,清肺化痰,effect
GX_90,痈疽疮疡,effect
GX_91,产后乳少,effect
GX_92,乳肿,effect
GX_93,疣赘,effect
GX_94,气虚,effect
GX_95,化痰镇惊,effect
GX_96,凉血通淋,effect
GX_97,翳障,effect
GX_98,呕血,effect
GX_99,纳气平喘,effect
GX_100,乳汁不下,effect
GX_101,消瘀止痛,effect
GX_102,消肿止血,effect
GX_103,顺气,effect
GX_104,肾炎水肿,effect
GX_105,升发清阳,effect
GX_106,血虚,effect
GX_107,芳香化湿,effect
GX_108,温阳散寒,effect
GX_109,淋证,effect
GX_110,消食积,effect
GX_111,反胃,effect
GX_112,消肿定痛,effect
GX_113,益气摄血。用于体虚欲脱,effect
GX_114,燥湿消痰,effect
GX_115,安神开窍,effect
GX_116,头晕,effect
GX_117,清热利咽,effect
GX_118,镇静,effect
GX_119,风热咳嗽,effect
GX_120,咽喉疼痛,effect
GX_121,生发,effect
GX_122,目暗不明,effect
GX_123,温中理气,effect
GX_124,惊悸,effect
GX_125,消食通便,effect
GX_126,破血软坚,effect
GX_127,内伤,effect
GX_128,益肾强骨,effect
GX_129,尿频,effect
GX_130,跌打伤,effect
GX_131,脓血,effect
GX_132,散血解毒,effect
GX_133,理气止呕,effect
GX_134,温经,effect
GX_135,健脾和胃,effect
GX_136,主湿热,effect
GX_137,乳汁不足,effect
GX_138,止烦渴,effect
GX_139,疮疡肿毒,effect
GX_140,宣肺平喘,effect
GX_141,疗疮,effect
GX_142,消滞,effect
GX_143,眼结膜炎,effect
GX_144,养阴清肺,effect
GX_145,收涩止血,effect
GX_146,秃疮,effect
GX_147,涩肠止泻,effect
GX_148,祛风解毒,effect
GX_149,阴虚火旺,effect
GX_150,开胃止呕,effect
GX_151,益肝养胃,effect
GX_152,清肺,effect
GX_153,助阳止泻,effect
GX_154,益肾利尿,effect
GX_155,平肝熄风,effect
GX_156,尿路感染,effect
GX_157,咯血,effect
GX_158,抗癌,effect
GX_159,解表散寒,effect
GX_160,溃疡病,effect
GX_161,游风,effect
GX_162,痨热,effect
GX_163,温脾止泻,effect
GX_164,止嗽,effect
GX_165,筋骨疼痛,effect
GX_166,止血止痛,effect
GX_167,下乳汁,effect
GX_168,祛寒止痛,effect
GX_169,降气化痰,effect
GX_170,消癫化瘀,effect
GX_171,除风,effect
GX_172,补五脏,effect
GX_173,安五脏,effect
GX_174,湿疮,effect
GX_175,固表,effect
GX_176,祛风止痒,effect
GX_177,疮疡不敛,effect
GX_178,滋阴止血,effect
GX_179,利湿去浊,effect
GX_180,止呕吐,effect
GX_181,出汗,effect
GX_182,疮痈肿毒,effect
GX_183,行气血,effect
GX_184,润肺止咳,effect
GX_185,祛风通铬,effect
GX_186,辟瘟,effect
GX_187,通鼻窍,effect
GX_188,益精血,effect
GX_189,凉血散瘀,effect
GX_190,蛇咬,effect
GX_191,宣散风热,effect
GX_192,理气安胎,effect
GX_193,补肝肾,effect
GX_194,解表祛风,effect
GX_195,杀虫,effect
GX_196,痔瘘,effect
GX_197,止咳定喘,effect
GX_198,肠风下血,effect
GX_199,小便淋涩,effect
GX_200,升阳,effect
GX_201,清热解表,effect
GX_202,补益心脾,effect
GX_203,养阴生津,effect
GX_204,胃气痛,effect
GX_205,流风解表,effect
GX_206,小便涩痛,effect
GX_207,清热解暑,effect
GX_208,清肝,effect
GX_209,催乳,effect
GX_210,益气摄血,effect
GX_211,补虚弱,effect
GX_212,虫咬伤,effect
GX_213,水气浮肿,effect
GX_214,耳鸣耳聋,effect
GX_215,补肾健脑,effect
GX_216,开窍醒神,effect
GX_217,坐骨神经痛,effect
GX_218,通经,effect
GX_219,结膜炎,effect
GX_220,癣疥,effect
GX_221,消食导滞,effect
GX_222,聪耳明目,effect
GX_223,腹泻,effect
GX_224,益脑清心,effect
GX_225,醒脾,effect
GX_226,滋补气血,effect
GX_227,芳香温通,effect
GX_228,赤眼,effect
GX_229,胃脘疼痛,effect
GX_230,神昏,effect
GX_231,痔疮,effect
GX_232,甲状腺肿,effect
GX_233,症瘕积聚,effect
GX_234,和中利湿,effect
GX_235,肠炎腹泻,effect
GX_236,去三虫,effect
GX_237,行气导滞,effect
GX_238,消斑,effect
GX_239,调和滋补,effect
GX_240,烫火伤,effect
GX_241,胞衣不下,effect
GX_242,疝气,effect
GX_243,肺炎,effect
GX_244,经闭痛经,effect
GX_245,止小便利,effect
GX_246,止咳,effect
GX_247,头昏,effect
GX_248,行气温中,effect
GX_249,邪气,effect
GX_250,创伤,effect
GX_251,肠胃炎,effect
GX_252,鹅口疮,effect
GX_253,气管炎,effect
GX_254,清热生津,effect
GX_255,清热化湿,effect
GX_256,生津止泻,effect
GX_257,急性黄疸型肝炎,effect
GX_258,寒湿,effect
GX_259,排脓止血,effect
GX_260,目赤肿痛,effect
GX_261,红白痢疾,effect
GX_262,中风,effect
GX_263,咽喉红肿,effect
GX_264,补肺,effect
GX_265,风疹,effect
GX_266,豁痰,effect
GX_267,行气解郁,effect
GX_268,烦闷,effect
GX_269,血瘀经闭,effect
GX_270,慢性肝炎,effect
GX_271,芳香药、调味药及驱风药,effect
GX_272,瘀血,effect
GX_273,泻肝胆火,effect
GX_274,目赤,effect
GX_275,食积胀满,effect
GX_276,痈疽疮肿,effect
GX_277,健脾补肾,effect
GX_278,舒筋活血,effect
GX_279,散风,effect
GX_280,温补,effect
GX_281,行气消痞,effect
GX_282,喘咳,effect
GX_283,平抑肝阳,effect
GX_284,胁痛,effect
GX_285,支气管炎,effect
GX_286,补肾助阳,effect
GX_287,心腹瘀痛,effect
GX_288,健脾养心,effect
GX_289,活血通络,effect
GX_290,消宿食,effect
GX_291,疔毒,effect
GX_292,涤痰逐饮,effect
GX_293,斑疹,effect
GX_294,补肾阳,effect
GX_295,缩小便,effect
GX_296,活血止痛,effect
GX_297,清热空肺,effect
GX_298,头疮,effect
GX_299,发斑,effect
GX_300,泄泻痢疾,effect
GX_301,消食健胃,effect
GX_302,支气管哮喘,effect
GX_303,虚损,effect
GX_304,滋肾平肝,effect
GX_305,清热燥湿,effect
GX_306,益肾填精,effect
GX_307,开胃,effect
GX_308,疗癖,effect
GX_309,定惊搐,effect
GX_310,润肤,effect
GX_311,消痔,effect
GX_312,去瘀,effect
GX_313,恶疮肿毒,effect
GX_314,肠鸣,effect
GX_315,涩肠止泻。用于脾胃虚寒.久泻不止,effect
GX_316,调经止痛,effect
GX_317,温肾阳,effect
GX_318,四肢拘挛,effect
GX_319,退目翳,effect
GX_320,发汗散寒,effect
GX_321,养心益气,effect
GX_322,瘰疬痰核,effect
GX_323,祛痰通便,effect
GX_324,疏散风热,effect
GX_325,心悸失眠,effect
GX_326,胃脘痛,effect
GX_327,烦躁,effect
GX_328,慢性气管炎,effect
GX_329,滋补强壮,effect
GX_330,伤寒,effect
GX_331,解毒利尿,effect
GX_332,引火归源,effect
GX_333,疏风散寒,effect
GX_334,久病体虚,effect
GX_335,风湿关节炎,effect
GX_336,子宫出血,effect
GX_337,扁桃腺炎,effect
GX_338,痰血,effect
GX_339,下气宽中,effect
GX_340,明耳目,effect
GX_341,生津利咽,effect
GX_342,体癣,effect
GX_343,松风通痹,effect
GX_344,治肺,effect
GX_345,疝气疼痛,effect
GX_346,益气补血,effect
GX_347,产难,effect
GX_348,益气养阴,effect
GX_349,引赤发泡,effect
GX_350,水痘,effect
GX_351,神经性头痛,effect
GX_352,祛暑避秽,effect
GX_353,梦遗,effect
GX_354,产后恶露不尽,effect
GX_355,宽中下气,effect
GX_356,消肿止痛,effect
GX_357,补脾益气,effect
GX_358,化腐生肌,effect
GX_359,腰腿疼痛,effect
GX_360,除烦,effect
GX_361,平喘止咳,effect
GX_362,清热止咳,effect
GX_363,发散风热,effect
GX_364,润肠燥,effect
GX_365,腰膝酸痛,effect
GX_366,健脾,effect
GX_367,肺燥咳嗽,effect
GX_368,活血行气,effect
GX_369,腰膝冷痛,effect
GX_370,消肿散瘀,effect
GX_371,溃疡,effect
GX_372,泻痢,effect
GX_373,小便不利,effect
GX_374,蛔虫,effect
GX_375,去瘀生新,effect
GX_376,解鱼蟹毒,effect
GX_377,风寒感冒,effect
GX_378,祛暑,effect
GX_379,积滞,effect
GX_380,涤饮,effect
GX_381,清热毒,effect
GX_382,生血止血,effect
GX_383,祛瘀定痛,effect
GX_384,活血解毒,effect
GX_385,醒酒,effect
GX_386,气滞,effect
GX_387,肺痨,effect
GX_388,鼻塞,effect
GX_389,解热毒,effect
GX_390,养血调经,effect
GX_391,金疮,effect
GX_392,胃阴不足,effect
GX_393,主疟疾,effect
GX_394,治内伤,effect
GX_395,止咳平喘祛痰,effect
GX_396,气不摄血,effect
GX_397,呃逆,effect
GX_398,奔豚,effect
GX_399,祛风通络,effect
GX_400,阳痿遗精,effect
GX_401,营养不良,effect
GX_402,食积不化,effect
GX_403,清热消炎,effect
GX_404,固脱,effect
GX_405,膀胱炎,effect
GX_406,消热解毒,effect
GX_407,益肾,effect
GX_408,肢体麻木,effect
GX_409,降血压,effect
GX_410,骨蒸盗汗,effect
GX_411,糖尿病,effect
GX_412,腹痛,effect
GX_413,温中止痛,effect
GX_414,祛风清热,effect
GX_415,脚气浮肿,effect
GX_416,舒肝利胆,effect
GX_417,活血通络止痛,effect
GX_418,通脉平喘,effect
GX_419,烧烫伤,effect
GX_420,疖肿,effect
GX_421,污肺平喘,effect
GX_422,调冲任,effect
GX_423,咳喘痰多,effect
GX_424,疔疮,effect
GX_425,行气,effect
GX_426,散瘀消肿,effect
GX_427,主消渴,effect
GX_428,痈疖疔疮,effect
GX_429,热毒疮疡,effect
GX_430,乌发,effect
GX_431,虚痨,effect
GX_432,落胎,effect
GX_433,主脾虚,effect
GX_434,浸酒,effect
GX_435,麻风,effect
GX_436,大腹,effect
GX_437,淋巴腺炎,effect
GX_438,主气滞,effect
GX_439,消暑,effect
GX_440,宽肠,effect
GX_441,退虚热,effect
GX_442,法痰止咳,effect
GX_443,赤白痢,effect
GX_444,活血止血,effect
GX_445,除骨蒸,effect
GX_446,痈疽发背,effect
GX_447,咳嗽,effect
GX_448,除痰截疟,effect
GX_449,消积,effect
GX_450,心绞痛,effect
GX_451,止崩漏,effect
GX_452,跌打,effect
GX_453,肿瘤,effect
GX_454,维吾尔医:补肾活血,effect
GX_455,活血养血,effect
GX_456,补虚劳,effect
GX_457,瘿瘤,effect
GX_458,口眼歪斜,effect
GX_459,刀伤,effect
GX_460,消痞,effect
GX_461,主感冒,effect
GX_462,温暖脾肾,effect
GX_463,黄疽,effect
GX_464,强筋,effect
GX_465,疔肿,effect
GX_466,益气活血,effect
GX_467,瘰疬结核,effect
GX_468,缩尿,effect
GX_469,瘀血腹痛,effect
GX_470,肺痨咳血,effect
GX_471,清热凉血,effect
GX_472,皮肤病,effect
GX_473,利气,effect
GX_474,利尿消肿,effect
GX_475,齿痛,effect
GX_476,利咽开音,effect
GX_477,清热疏风,effect
GX_478,温肺豁痰利气,effect
GX_479,通痹止痛,effect
GX_480,补气益血,effect
GX_481,肝热目赤,effect
GX_482,乳腺炎,effect
GX_483,行血祛瘀,effect
GX_484,天疱疮,effect
GX_485,乳痈肿痛,effect
GX_486,补肺止咳,effect
GX_487,癌肿,effect
GX_488,化浊降脂,effect
GX_489,涩肠敛肺,effect
GX_490,宁心,effect
GX_491,清心肺,effect
GX_492,骨折肿痛,effect
GX_493,益气生津,effect
GX_494,痰火,effect
GX_495,利五脏,effect
GX_496,疮疡肿痛,effect
GX_497,红崩,effect
GX_498,消肿散结,effect
GX_499,明目退翳,effect
GX_500,脾虚泄泻,effect
GX_501,健胃止痛,effect
GX_502,养血息风,effect
GX_503,祛风和胃,effect
GX_504,补火,effect
GX_505,收敛止血,effect
GX_506,益气血,effect
GX_507,冷痢,effect
GX_508,虚咳,effect
GX_509,温中散寒,effect
GX_510,热淋,effect
GX_511,补脾胃,effect
GX_512,舒筋络,effect
GX_513,失音,effect
GX_514,降逆除烦,effect
GX_515,黄疸,effect
GX_516,通窍,effect
GX_517,攻毒,effect
GX_518,痄腮,effect
GX_519,利大小肠,effect
GX_520,蛇犬咬伤,effect
GX_521,止痛止血,effect
GX_522,消胀,effect
GX_523,胸闷,effect
GX_524,平肝安神,effect
GX_525,退翳,effect
GX_526,失眠,effect
GX_527,补气养血,effect
GX_528,利二便,effect
GX_529,补肾固齿,effect
GX_530,燥湿祛痰,effect
GX_531,利湿通淋,effect
GX_532,痈疖肿毒,effect
GX_533,遗精,effect
GX_534,急性肠炎,effect
GX_535,泻火除蒸,effect
GX_536,搜风通络,effect
GX_537,血吸虫病,effect
GX_538,醒神开窍,effect
GX_539,化痰导滞,effect
GX_540,舒肝行气止痛,effect
GX_541,风痹,effect
GX_542,纳呆,effect
GX_543,杀虫消积,effect
GX_544,水火烫伤,effect
GX_545,降压,effect
GX_546,散寒行气,effect
GX_547,虚劳,effect
GX_548,理跌打伤,effect
GX_549,水肿胀满,effect
GX_550,镇咳,effect
GX_551,生津润燥,effect
GX_552,健忘,effect
GX_553,清音利咽,effect
GX_554,温疟,effect
GX_555,疳疮,effect
GX_556,咳喘,effect
GX_557,去湿,effect
GX_558,外用治疔疮,effect
GX_559,泻热行滞,effect
GX_560,治肠炎,effect
GX_561,肝胃气痛,effect
GX_562,咬伤,effect
GX_563,风湿痹证,effect
GX_564,祛风解表,effect
GX_565,开窍豁痰,effect
GX_566,痈疖,effect
GX_567,驱风,effect
GX_568,解毒止痒,effect
GX_569,温经散寒,effect
GX_570,壮阳,effect
GX_571,疔疮肿毒,effect
GX_572,泻水,effect
GX_573,疏风清热,effect
GX_574,生津液,effect
GX_575,痞满,effect
GX_576,感冒咳嗽,effect
GX_577,益肾和血,effect
GX_578,涩精止血,effect
GX_579,散风除湿,effect
GX_580,散瘀,effect
GX_581,扶正固本,effect
GX_582,息风,effect
GX_583,目昏,effect
GX_584,清肺利咽,effect
GX_585,暖宫,effect
GX_586,养血补心,effect
GX_587,镇痛、防腐,effect
GX_588,通淋,effect
GX_589,祛风除湿,effect
GX_590,温肾补精,effect
GX_591,滋阴补肾,effect
GX_592,止痛止泻,effect
GX_593,通小肠,effect
GX_594,肺脓疡,effect
GX_595,祛风杀虫,effect
GX_596,逐痰,effect
GX_597,助阳,effect
GX_598,腰膝无力,effect
GX_599,消痈散结,effect
GX_600,喉痹,effect
GX_601,宣肺、化痰、止咳,effect
GX_602,止痢止泻,effect
GX_603,安胎,effect
GX_604,浮肿,effect
GX_605,气痛,effect
GX_606,解痉,effect
GX_607,益气复脉,effect
GX_608,扁桃体炎,effect
GX_609,热痢,effect
GX_610,夜盲症,effect
GX_611,去风,effect
GX_612,祛瘀止痛,effect
GX_613,治慢性,effect
GX_614,青盲,effect
GX_615,外用蚀疮,effect
GX_616,收湿敛疮,effect
GX_617,肝炎,effect
GX_618,虫积,effect
GX_619,暑湿,effect
GX_620,安神定喘,effect
GX_621,下气除满,effect
GX_622,消食除胀,effect
GX_623,消炎止痛,effect
GX_624,补虚,effect
GX_625,杀虫攻积,effect
GX_626,活络止痛,effect
GX_627,腰腿痛,effect
GX_628,清暑,effect
GX_629,蛲虫病,effect
GX_630,消渴,effect
GX_631,解毒明目退翳,effect
GX_632,止消渴,effect
GX_633,慢性骨髓炎,effect
GX_634,补气健脾,effect
GX_635,十二指肠溃疡,effect
GX_636,安神益智,effect
GX_637,养阴,effect
GX_638,治热病,effect
GX_639,清肝泻火,effect
GX_640,腰腿,effect
GX_641,清心,effect
GX_642,和胃,effect
GX_643,鹅掌风,effect
GX_644,补肾强腰,effect
GX_645,填骨髓,effect
GX_646,鼻炎,effect
GX_647,肠风,effect
GX_648,惊痫,effect
GX_649,发汗,effect
GX_650,胸痛,effect
GX_651,化痞消积,effect
GX_652,退肿,effect
GX_653,暖胃,effect
GX_654,湿疹,effect
GX_655,除湿止痛,effect
GX_656,夜盲,effect
GX_657,清火,effect
GX_658,主黄疸,effect
GX_659,涩肠,effect
GX_660,宽中除满,effect
GX_661,四肢无力,effect
GX_662,急性胃肠炎,effect
GX_663,劳伤吐血,effect
GX_664,消痰涤饮,effect
GX_665,肺结核咯血,effect
GX_666,风湿麻木,effect
GX_667,解肌退热,effect
GX_668,化痰止咳,effect
GX_669,肾虚阳痿,effect
GX_670,清热明目,effect
GX_671,解癌止痛,effect
GX_672,久痢,effect
GX_673,手足麻木,effect
GX_674,行瘀,effect
GX_675,解热,effect
GX_676,健脾利湿,effect
GX_677,止咳嗽,effect
GX_678,狗咬伤,effect
GX_679,散寒镇痛,effect
GX_680,通脉,effect
GX_681,尿闭,effect
GX_682,调节异常体液,effect
GX_683,阳痿,effect
GX_684,咳嗽痰喘,effect
GX_685,调经活血,effect
GX_686,温经活血,effect
GX_687,补益肺肾、秘精益气,effect
GX_688,祛暑解毒,effect
GX_689,主咳嗽,effect
GX_690,补牌和胃,effect
GX_691,清阳,effect
GX_692,退热,effect
GX_693,蛲虫,effect
GX_694,自汗,effect
GX_695,开音,effect
GX_696,滋阴养血,effect
GX_697,退黄,effect
GX_698,去风湿,effect
GX_699,温肺平喘,effect
GX_700,脱肛,effect
GX_701,散郁火,effect
GX_702,潮热,effect
GX_703,子宫脱垂,effect
GX_704,解毒止痢,effect
GX_705,免疫调节剂,effect
GX_706,崩漏下血,effect
GX_707,重镇安神,effect
GX_708,通滞,effect
GX_709,滋阴清热。用于热病津伤,effect
GX_710,温胃理气,effect
GX_711,温肺化饮,effect
GX_712,温补肝肾,effect
GX_713,回阳通脉,effect
GX_714,哮喘,effect
GX_715,鲜地黄  清热生津,effect
GX_716,固肾涩精,effect
GX_717,痈疮,effect
GX_718,泄热,effect
GX_719,脓疱疮,effect
GX_720,定惊豁痰,effect
GX_721,健胃,effect
GX_722,补肾涩精,effect
GX_723,宣肺通窍,effect
GX_724,肺虚,effect
GX_725,利湿,effect
GX_726,风寒咳嗽,effect
GX_727,辟秽开窍,effect
GX_728,补气安神,effect
GX_729,冷积,effect
GX_730,逐瘀,effect
GX_731,益胃,effect
GX_732,火烫伤,effect
GX_733,解表清热,effect
GX_734,白带过多,effect
GX_735,益气补中,effect
GX_736,内出血,effect
GX_737,天泡疮,effect
GX_738,咳逆,effect
GX_739,滋补肝肾,effect
GX_740,疏风止痛,effect
GX_741,骨痛,effect
GX_742,宁心安神,effect
GX_743,骨结核,effect
GX_744,利气宽胸,effect
GX_745,养肝,effect
GX_746,安神定惊,effect
GX_747,补气固表,effect
GX_748,脘腹胀痛,effect
GX_749,小儿高热,effect
GX_750,妇女血崩,effect
GX_751,下气,effect
GX_752,风热,effect
GX_753,芳香开窍,effect
GX_754,钩端螺旋体病,effect
GX_755,治虚损,effect
GX_756,助消化,effect
GX_757,泌尿系结石,effect
GX_758,法风化痰,effect
GX_759,开窍止痛,effect
GX_760,利胆退黄,effect
GX_761,祛风化湿,effect
GX_762,麻痹,effect
GX_763,咽痛,effect
GX_764,温胃止呕,effect
GX_765,下乳,effect
GX_766,消痰化瘀,effect
GX_767,癞疮,effect
GX_768,痈疮肿毒,effect
GX_769,胸腹胀痛,effect
GX_770,乳疮,effect
GX_771,黄肿,effect
GX_772,消食化积,effect
GX_773,疥疮,effect
GX_774,舒肝止痛,effect
GX_775,泻寒积,effect
GX_776,健脾益气,effect
GX_777,清热涤痰,effect
GX_778,疠风,effect
GX_779,通利,effect
GX_780,助阳益精,effect
GX_781,定志,effect
GX_782,接骨,effect
GX_783,消癥积,effect
GX_784,肾盂肾炎,effect
GX_785,风湿热痹,effect
GX_786,蛇伤,effect
GX_787,芳香化浊,effect
GX_788,神经痛,effect
GX_789,跌扑肿痛,effect
GX_790,化滞,effect
GX_791,经闭腹痛,effect
GX_792,外伤,effect
GX_793,托毒,effect
GX_794,瘀滞,effect
GX_795,解表通里,effect
GX_796,清热豁痰,effect
GX_797,祛痰止咳,effect
GX_798,脘腹疼痛,effect
GX_799,息风定惊,effect
GX_800,乳痈,effect
GX_801,宽胸,effect
GX_802,五劳七伤,effect
GX_803,温中降逆,effect
GX_804,瘀血肿痛,effect
GX_805,肺结核咳血,effect
GX_806,关节炎,effect
GX_807,不思饮食,effect
GX_808,益肝肾,effect
GX_809,消食和中,effect
GX_810,行气和胃,effect
GX_811,腰膝酸软,effect
GX_812,清心解郁,effect
GX_813,定痛,effect
GX_814,风湿关节疼痛,effect
GX_815,固精缩尿,effect
GX_816,升阳止泻,effect
GX_817,虫积腹痛,effect
GX_818,通血脉,effect
GX_819,淋病,effect
GX_820,目痛,effect
GX_821,癣疮,effect
GX_822,驱风健胃药,effect
GX_823,燥湿健脾,effect
GX_824,法暑,effect
GX_825,黄疸型肝炎,effect
GX_826,涩精止遗,effect
GX_827,燥湿温中,effect
GX_828,补肾,effect
GX_829,清肝明目,effect
GX_830,逐水消肿,effect
GX_831,养血安神,effect
GX_832,痹痛,effect
GX_833,利湿化痰,effect
GX_834,祛瘀,effect
GX_835,口腔炎,effect
GX_836,梅毒,effect
GX_837,敛汗,effect
GX_838,泻血,effect
GX_839,大肠下血,effect
GX_840,清热泻火,effect
GX_841,小便淋沥,effect
GX_842,散结消瘿,effect
GX_843,收涩止带,effect
GX_844,去毒,effect
GX_845,皮癣,effect
GX_846,散风寒,effect
GX_847,破瘀,effect
GX_848,生津,effect
GX_849,舒筋止痛,effect
GX_850,疗癣,effect
GX_851,益气化痰,effect
GX_852,毒疮,effect
GX_853,疔疮疖肿,effect
GX_854,凉血除蒸,effect
GX_855,赤白痢疾,effect
GX_856,外伤肿痛,effect
GX_857,牙疳,effect
GX_858,补肾壮阳,effect
GX_859,活血祛瘀,effect
GX_860,死肌,effect
GX_861,痈疽疔毒,effect
GX_862,温阳补肾,effect
GX_863,调经止血,effect
GX_864,清虚热,effect
GX_865,接骨消肿,effect
GX_866,创伤出血,effect
GX_867,杀虫止痒,effect
GX_868,白秃,effect
GX_869,崩中,effect
GX_870,阴囊湿疹,effect
GX_871,暖脾胃,effect
GX_872,多梦,effect
GX_873,驱虫,effect
GX_874,长肌肉,effect
GX_875,腰肌劳损,effect
GX_876,久疟,effect
GX_877,瘀血作痛,effect
GX_878,凉血利咽,effect
GX_879,烂疮,effect
GX_880,滋阴降火,effect
GX_881,咽喉肿痛,effect
GX_882,食欲不振,effect
GX_883,散瘀止血,effect
GX_884,行气活血,effect
GX_885,健筋骨,effect
GX_886,消炎解毒,effect
GX_887,消积止痛。用于瘕瘕痞块,effect
GX_888,清肝胆,effect
GX_889,强骨,effect
GX_890,益肝,effect
GX_891,补肺益肾,effect
GX_892,补虚损,effect
GX_893,收敛养血,effect
GX_894,补肾安神,effect
GX_895,破症结,effect
GX_896,积聚,effect
GX_897,膀胱疝气,effect
GX_898,补脾益肺,effect
GX_899,清热止痛,effect
GX_900,舒筋,effect
GX_901,利大肠,effect
GX_902,生津益肺,effect
GX_903,烂脚,effect
GX_904,湿疹瘙痒,effect
GX_905,回阳救逆,effect
GX_906,瘀血经闭,effect
GX_907,头痛目赤,effect
GX_908,清热泻火解毒,effect
GX_909,痰壅,effect
GX_910,喉风,effect
GX_911,主外伤,effect
GX_912,化痰通络,effect
GX_913,急性结膜炎,effect
GX_914,消肿排脓,effect
GX_915,强心利尿,effect
GX_916,半身不遂,effect
GX_917,解毒敛疮,effect
GX_918,排脓,effect
GX_919,散瘀止痛,effect
GX_920,血热吐衄,effect
GX_921,噎膈反胃,effect
GX_922,补阴,effect
GX_923,补肺肾,effect
GX_924,涩精固脱,effect
GX_925,润皮肤,effect
GX_926,结胸痞满,effect
GX_927,脾虚带下,effect
GX_928,阴痒,effect
GX_929,清肠消痔,effect
GX_930,治汤,effect
GX_931,和胃止呕,effect
GX_932,外用解毒杀虫疗疮；内服补火助阳通便,effect
GX_933,醒神,effect
GX_934,滋阴清热,effect
GX_935,跌打伤痛,effect
GX_936,攻毒消肿散结,effect
GX_937,清胃泻火,effect
GX_938,腹痛吐泻,effect
GX_939,恶心呕吐,effect
GX_940,镇痛,effect
GX_941,主急性,effect
GX_942,寒热,effect
GX_943,定痫止搐,effect
GX_944,敛疮,effect
GX_945,胸胁胀满,effect
GX_946,回阳,effect
GX_947,主咽喉,effect
GX_948,利咽解毒,effect
GX_949,四肢麻木,effect
GX_950,结核,effect
GX_951,利胆,effect
GX_952,肢体,effect
GX_953,驳骨,effect
GX_954,燥湿,effect
GX_955,食少呕吐,effect
GX_956,除烦止呕,effect
GX_957,养阴润燥,effect
GX_958,通大便,effect
GX_959,疥癞,effect
GX_960,活血破瘀,effect
GX_961,温肾壮阳,effect
GX_962,食积腹胀,effect
GX_963,痈疽疔疮,effect
GX_964,肢冷脉微,effect
GX_965,妇女经闭,effect
GX_966,杀三虫,effect
GX_967,平肝息风止痉,effect
GX_968,淋痛,effect
GX_969,燥湿杀虫,effect
GX_970,燥湿散寒,effect
GX_971,温阳化湿,effect
GX_972,鱼骨,effect
GX_973,疮肿,effect
GX_974,消化不良,effect
GX_975,筋骨,effect
GX_976,便溏,effect
GX_977,止泻瘌,effect
GX_978,缓急止痛,effect
GX_979,去热,effect
GX_980,流注,effect
GX_981,安胎元,effect
GX_982,心悸,effect
GX_983,疟母,effect
GX_984,水肿尿少,effect
GX_985,凉血止痛,effect
GX_986,凉血滋阴,effect
GX_987,通经脉,effect
GX_988,止痹痛,effect
GX_989,活血化瘀,effect
GX_990,阑尾炎,effect
GX_991,强心益气,effect
GX_992,散风固表,effect
GX_993,润燥滑肠,effect
GX_994,利窍,effect
GX_995,祛湿止带,effect
GX_996,祛风痰,effect
GX_997,温肾健髓,effect
GX_998,水肿,effect
GX_999,头风,effect
GX_1000,益智,effect
GX_1001,散风清热,effect
GX_1002,滋阴,effect
GX_1003,涤痰祛瘀,effect
GX_1004,消积化癥,effect
GX_1005,发表透疹,effect
GX_1006,水臌,effect
GX_1007,化瘀利尿,effect
GX_1008,败毒,effect
GX_1009,清肝利肺,effect
GX_1010,解毒利咽,effect
GX_1011,杀菌,effect
GX_1012,荨麻疹,effect
GX_1013,鼻渊,effect
GX_1014,胎漏,effect
GX_1015,上呼吸道感染,effect
GX_1016,驱蛔,effect
GX_1017,解郁,effect
GX_1018,补肾益精,effect
GX_1019,腰膝疼痛,effect
GX_1020,耳鸣,effect
GX_1021,绦虫,effect
GX_1022,祛瘀消肿,effect
GX_1023,疮痈疖肿,effect
GX_1024,理跌打,effect
GX_1025,痈肿疮疖,effect
GX_1026,痔血,effect
GX_1027,脘胀痛,effect
GX_1028,发汗解肌,effect
GX_1029,惊风抽搐,effect
GX_1030,消积导滞,effect
GX_1031,解毒透疹,effect
GX_1032,强筋骨,effect
GX_1033,急性阑尾炎,effect
GX_1034,肺结核咳嗽,effect
GX_1035,视物昏花,effect
GX_1036,降火利咽,effect
GX_1037,有经不调,effect
GX_1038,生血,effect
GX_1039,温经止血,effect
GX_1040,清热散风,effect
GX_1041,理气解郁,effect
GX_1042,风疹瘙痒,effect
GX_1043,调经安胎,effect
GX_1044,产后血瘀,effect
GX_1045,虚热,effect
GX_1046,定惊,effect
GX_1047,心胃气痛,effect
GX_1048,主肺热,effect
GX_1049,内热消渴,effect
GX_1050,祛风止痛,effect
GX_1051,解蛇毒,effect
GX_1052,滋补肝、肾,effect
GX_1053,养心,effect
GX_1054,气逆,effect
GX_1055,肺热咳嗽,effect
GX_1056,便血,effect
GX_1057,病后虚弱,effect
GX_1058,痛经,effect
GX_1059,不眠,effect
GX_1060,杀蛔虫,effect
GX_1061,滋阴清肺,effect
GX_1062,滋养心阴,effect
GX_1063,关节肿痛,effect
GX_1064,辟秽,effect
GX_1065,利湿行水,effect
GX_1066,阴疽,effect
GX_1067,拔脓,effect
GX_1068,滋补,effect
GX_1069,利水道,effect
GX_1070,滋阴潜阳,effect
GX_1071,忧郁失眠,effect
GX_1072,清热利尿,effect
GX_1073,清热平肝,effect
GX_1074,解热利尿,effect
GX_1075,麻疹不透,effect
GX_1076,燥湿清热,effect
GX_1077,喘息,effect
GX_1078,通关节,effect
GX_1079,清热养肝,effect
GX_1080,熄风通络,effect
GX_1081,发汗解表,effect
GX_1082,温中补虚,effect
GX_1083,泻肺除壅,effect
GX_1084,关节痹痛,effect
GX_1085,消积化滞,effect
GX_1086,外用治疮疖,effect
GX_1087,杀虫止痛,effect
GX_1088,痰厥,effect
GX_1089,补血养阴,effect
GX_1090,癌症,effect
GX_1091,敛肺,effect
GX_1092,排脓祛瘀,effect
GX_1093,喉炎,effect
GX_1094,开胃止痛,effect
GX_1095,疏肝和胃,effect
GX_1096,治跌打,effect
GX_1097,肾虚,effect
GX_1098,舒筋通络,effect
GX_1099,小肠疝气,effect
GX_1100,蜈蚣咬伤,effect
GX_1101,温中下气,effect
GX_1102,明目,effect
GX_1103,热病,effect
GX_1104,潜阳补阴,effect
GX_1105,攻毒蚀疮,effect
GX_1106,利尿,effect
GX_1107,除风热,effect
GX_1108,抑制腺体分泌,effect
GX_1109,醒脑安神,effect
GX_1110,降逆下气,effect
GX_1111,祛暑解表,effect
GX_1112,外感发热,effect
GX_1113,咳嗽吐血,effect
GX_1114,消热,effect
GX_1115,白癜风,effect
GX_1116,清热润肺,effect
GX_1117,追风散寒,effect
GX_1118,通利关节,effect
GX_1119,止带,effect
GX_1120,干姜温中散寒,effect
GX_1121,泻肺,effect
GX_1122,肝硬化,effect
GX_1123,防疫,effect
GX_1124,行气止痛,effect
GX_1125,调经,effect
GX_1126,清肺止咳,effect
GX_1127,劳伤腰痛,effect
GX_1128,肺痿,effect
GX_1129,养肝明目,effect
GX_1130,止痢,effect
GX_1131,通淋排石,effect
GX_1132,开郁,effect
GX_1133,痰喘,effect
GX_1134,利肠胃,effect
GX_1135,壮肾阳,effect
GX_1136,止痒,effect
GX_1137,止呃,effect
GX_1138,治产后,effect
GX_1139,舒肝,effect
GX_1140,风湿,effect
GX_1141,治湿热,effect
GX_1142,遗尿,effect
GX_1143,散结通络止痛,effect
GX_1144,牙周炎,effect
GX_1145,目赤翳障,effect
GX_1146,生肌敛疮。用于跌打损伤,effect
GX_1147,涩精,effect
GX_1148,疮毒,effect
GX_1149,补肝益肾,effect
GX_1150,生肌止血,effect
GX_1151,小便赤涩,effect
GX_1152,养血,effect
GX_1153,祛风湿,effect
GX_1154,疏肝,effect
GX_1155,痒疹,effect
GX_1156,热毒痈肿,effect
GX_1157,失眠多梦,effect
GX_1158,跌打劳伤,effect
GX_1159,急性肝炎,effect
GX_1160,多痰,effect
GX_1161,退翳明目,effect
GX_1162,疼痛,effect
GX_1163,法风湿,effect
GX_1164,虚喘,effect
GX_1165,筋骨酸痛,effect
GX_1166,驱蛔虫,effect
GX_1167,厚肠胃,effect
GX_1168,尿路结石,effect
GX_1169,滋补强身,effect
GX_1170,肋腺炎,effect
GX_1171,祛风寒,effect
GX_1172,消肿托毒,effect
GX_1173,行水消肿,effect
GX_1174,治痈疽,effect
GX_1175,养胃,effect
GX_1176,劳热,effect
GX_1177,壮阳固精,effect
GX_1178,肿胀,effect
GX_1179,润燥滑肠。用于肺热晐嗽,effect
GX_1180,外用解毒杀虫,effect
GX_1181,消积通便,effect
GX_1182,行气化瘀,effect
GX_1183,外用治乳腺炎,effect
GX_1184,治毒,effect
GX_1185,敛汗止血,effect
GX_1186,降火,effect
GX_1187,胎动不安,effect
GX_1188,口腔溃疡,effect
GX_1189,头目眩晕,effect
GX_1190,肾炎,effect
GX_1191,交通心肾,effect
GX_1192,升发,effect
GX_1193,痈疡,effect
GX_1194,妇人,effect
GX_1195,祛风燥湿,effect
GX_1196,除痰,effect
GX_1197,镇惊熄风,effect
GX_1198,泻火除烦,effect
GX_1199,祛风,effect
GX_1200,强志,effect
GX_1201,破伤风,effect
GX_1202,传染性肝炎,effect
GX_1203,音哑,effect
GX_1204,肚痛,effect
GX_1205,膀胱结石,effect
GX_1206,清热燥湿、解毒消肿,effect
GX_1207,生肌止痛,effect
GX_1208,小便不禁,effect
GX_1209,消肿拔毒,effect
GX_1210,复脉固脱,effect
GX_1211,咳逆上气,effect
GX_1212,润肺下气,effect
GX_1213,益精,effect
GX_1214,风寒湿痹,effect
GX_1215,脘腹痛,effect
GX_1216,大便燥结,effect
GX_1217,调和诸药,effect
GX_1218,润燥通便,effect
GX_1219,化痰利咽,effect
GX_1220,骨折筋伤,effect
GX_1221,破气消积,effect
GX_1222,风湿腰腿痛,effect
GX_1223,不下食,effect
GX_1224,化瘀行血,effect
GX_1225,小儿惊风,effect
GX_1226,利大小便,effect
GX_1227,心肾,effect
GX_1228,乳糜尿,effect
GX_1229,调气解郁,effect
GX_1230,补气,effect
GX_1231,养阴和胃,effect
GX_1232,除风湿,effect
GX_1233,湿热泄泻,effect
GX_1234,泌尿系感染,effect
GX_1235,温中和胃,effect
GX_1236,红崩白带,effect
GX_1237,虚弱,effect
GX_1238,解毒化腐生肌,effect
GX_1239,活血散瘀,effect
GX_1240,阴痿,effect
GX_1241,清化热痰,effect
GX_1242,镇静安神,effect
GX_1243,胸痹心痛,effect
GX_1244,止泄痢,effect
GX_1245,漆疮,effect
GX_1246,温补肾阳,effect
GX_1247,泻热,effect
GX_1248,暖腰膝,effect
GX_1249,利咽喉,effect
GX_1250,利九窍,effect
GX_1251,救逆,effect
GX_1252,解毒利湿,effect
GX_1253,止带沙,effect
GX_1254,疥癣,effect
GX_1255,冻疮,effect
GX_1256,解毒消肿,effect
GX_1257,补气血,effect
GX_1258,通络止痛冲,effect
GX_1259,引血下行,effect
GX_1260,血热,effect
GX_1261,降气平喘,effect
GX_1262,自汗盗汗,effect
GX_1263,血虚萎黄,effect
GX_1264,疮疡溃烂,effect
GX_1265,心烦,effect
GX_1266,峻下积滞,effect
GX_1267,清热祛痰,effect
GX_1268,消化道出血,effect
GX_1269,痃癖,effect
GX_1270,洗痔疮,effect
GX_1271,镇惊开窍,effect
GX_1272,祛痰,effect
GX_1273,开窍镇惊,effect
GX_1274,急性乳腺炎,effect
GX_1275,去腐生肌,effect
GX_1276,补中益气,effect
GX_1277,清肺降火,effect
GX_1278,祛风活络,effect
GX_1279,癣疾,effect
GX_1280,补心安神,effect
GX_1281,通经络,effect
GX_1282,食积腹痛,effect
GX_1283,宣肺解表,effect
GX_1284,鼻窦炎,effect
GX_1285,风热头痛,effect
GX_1286,风湿筋骨疼痛,effect
GX_1287,镇咳祛痰,effect
GX_1288,止汗,effect
GX_1289,清肺平喘,effect
GX_1290,散寒止痛,effect
GX_1291,宣肺化痰,effect
GX_1292,温中助阳,effect
GX_1293,健胃驱风药,effect
GX_1294,泻下通滞,effect
GX_1295,走马牙疳,effect
GX_1296,痈疮疖肿,effect
GX_1297,感冒发烧,effect
GX_1298,和中消暑,effect
GX_1299,痢疾,effect
GX_1300,温肺,effect
GX_1301,凉血活血,effect
GX_1302,通阳散结,effect
GX_1303,透疹,effect
GX_1304,祛风利湿,effect
GX_1305,癫狂,effect
GX_1306,舒肝健脾,effect
GX_1307,脾胃虚弱,effect
GX_1308,疏民解表,effect
GX_1309,舒筋通脉,effect
GX_1310,祛凤,effect
GX_1311,痈肿恶疮,effect
GX_1312,化湿开胃,effect
GX_1313,疗伤,effect
GX_1314,经闭,effect
GX_1315,柔肝和胃,effect
GX_1316,泻痢腹痛,effect
GX_1317,肝热,effect
GX_1318,劳伤,effect
GX_1319,平肝舒筋,effect
GX_1320,去浊,effect
GX_1321,宣肺止咳,effect
GX_1322,下气止痛,effect
GX_1323,感冒风寒,effect
GX_1324,行血消肿,effect
GX_1325,理气宽中,effect
GX_1326,消炎利尿,effect
GX_1327,补心,effect
GX_1328,疮疖,effect
GX_1329,泄痢,effect
GX_1330,宣肺祛痰,effect
GX_1331,口干,effect
GX_1332,敷疮,effect
GX_1333,收湿止痒敛疮,effect
GX_1334,消痰,effect
GX_1335,滋养肝肾,effect
GX_1336,早泄,effect
GX_1337,散血消癥,effect
GX_1338,发表解暑,effect
GX_1339,神经性皮炎,effect
GX_1340,通经催产,effect
GX_1341,破血行气,effect
GX_1342,筋脉拘挛,effect
GX_1343,肿痛,effect
GX_1344,偏头痛,effect
GX_1345,清肠,effect
GX_1346,除湿通络,effect
GX_1347,止血祛痰,effect
GX_1348,清肺泻火,effect
GX_1349,止泻痢,effect
GX_1350,犬咬伤,effect
GX_1351,主水肿,effect
GX_1352,止血生肌,effect
GX_1353,消瘀,effect
GX_1354,和中消食,effect
GX_1355,祛除风痰,effect
GX_1356,心烦失眠,effect
GX_1357,消瘿,effect
GX_1358,痈肿疮疡,effect
GX_1359,生津止渴,effect
GX_1360,散结止痛,effect
GX_1361,清瘟解毒,effect
GX_1362,外伤出血,effect
GX_1363,消食,effect
GX_1364,祛斑,effect
GX_1365,血崩,effect
GX_1366,化积除疳,effect
GX_1367,转筋,effect
GX_1368,腰腿酸痛,effect
GX_1369,痿痹,effect
GX_1370,理气活血,effect
GX_1371,益肺,effect
GX_1372,臌胀,effect
GX_1373,固肾补气,effect
GX_1374,壮骨,effect
GX_1375,健脾胃,effect
GX_1376,涩痛,effect
GX_1377,舒肝理气,effect
GX_1378,宣通血脉,effect
GX_1379,和血,effect
GX_1380,消痈排脓,effect
GX_1381,赤痢,effect
GX_1382,利气平喘,effect
GX_1383,养血祛风,effect
GX_1384,凉肝定惊,effect
GX_1385,理气和中,effect
GX_1386,痈疽肿毒,effect
GX_1387,活血通经,effect
GX_1388,清肺降火。用于阴虚潮热,effect
GX_1389,妇女白带,effect
GX_1390,砂淋,effect
GX_1391,慢性肾炎,effect
GX_1392,增强脑及冠脉血流量,effect
GX_1393,淋症,effect
GX_1394,食滞,effect
GX_1395,醒神益智,effect
GX_1396,治急,effect
GX_1397,凉散风热,effect
GX_1398,暖肾,effect
GX_1399,和解表里,effect
GX_1400,健脾渗湿,effect
GX_1401,脚癣,effect
GX_1402,蜂螫,effect
GX_1403,大补元气,effect
GX_1404,泻火解毒,effect
GX_1405,利关节,effect
GX_1406,消炎,effect
GX_1407,胃痛,effect
GX_1408,辟瘟解毒,effect
GX_1409,平肝解郁,effect
GX_1410,烦热,effect
GX_1411,高热,effect
GX_1412,便秘,effect
GX_1413,疮疖肿痛,effect
GX_1414,解肌,effect
GX_1415,和胃化湿,effect
GX_1416,痔漏,effect
GX_1417,冠心病,effect
GX_1418,散瘀血,effect
GX_1419,疟疾,effect
GX_1420,过敏性皮炎,effect
GX_1421,退乳消胀,effect
GX_1422,清肝热,effect
GX_1423,祛风通窍,effect
GX_1424,肺虚咳嗽,effect
GX_1425,理气和胃,effect
GX_1426,除湿,effect
GX_1427,颈淋巴结结核,effect
GX_1428,惊痫抽搐,effect
GX_1429,祛腐生肌,effect
GX_1430,祛风宣肺,effect
GX_1431,疳积,effect
GX_1432,体虚,effect
GX_1433,宽胸消胀,effect
GX_1434,止呕,effect
GX_1435,吐血衄血,effect
GX_1436,益阴,effect
GX_1437,降逆,effect
GX_1438,宣发郁热,effect
GX_1439,肺热,effect
GX_1440,温经通络,effect
GX_1441,愈疮,effect
GX_1442,风湿疼痛,effect
GX_1443,皮肤刺激药,effect
GX_1444,伤风感冒,effect
GX_1445,祛风化痰,effect
GX_1446,温胃止痛,effect
GX_1447,胃溃疡,effect
GX_1448,补脾,effect
GX_1449,拘挛,effect
GX_1450,泻人解毒,effect
GX_1451,和胃止泻,effect
GX_1452,饱胀,effect
GX_1453,通痹,effect
GX_1454,崩中带下,effect
GX_1455,通关开窍,effect
GX_1456,小儿麻痹后遗症,effect
GX_1457,健脾导滞,effect
GX_1458,脾虚,effect
GX_1459,心腹冷痛,effect
GX_1460,劳伤咳嗽,effect
GX_1461,健脾消积,effect
GX_1462,理气化痰,effect
GX_1463,肝硬化腹水,effect
GX_1464,风热感冒,effect
GX_1465,明目消翳,effect
GX_1466,宣通鼻窍,effect
GX_1467,活血舒筋,effect
GX_1468,羸瘦,effect
GX_1469,血尿,effect
GX_1470,解毒疗疮,effect
GX_1471,止咳平喘,effect
GX_1472,益气固表,effect
GX_1473,舒肝解郁,effect
GX_1474,温里散寒,effect
GX_1475,泄泻,effect
GX_1476,清利咽喉,effect
GX_1477,纳气,effect
GX_1478,痔疮出血,effect
GX_1479,外感风热,effect
GX_1480,血瘀,effect
GX_1481,通经下乳,effect
GX_1482,疏风,effect
GX_1483,敛肺降火,effect
GX_1484,产后瘀阻,effect
GX_1485,敷跌打,effect
GX_1486,利水消肿,effect
GX_1487,破宿血,effect
GX_1488,散寒除湿,effect
GX_1489,止血/ 生地黄  清热,effect
GX_1490,化瘀止痛,effect
GX_1491,清心安神,effect
GX_1492,肺痨咳嗽,effect
GX_1493,呕逆,effect
GX_1494,风湿性关节痛,effect
GX_1495,须发早白,effect
GX_1496,流行性腮腺炎,effect
GX_1497,消肿,effect
GX_1498,消疮肿,effect
GX_1499,下乳消肿,effect
GX_1500,敛肺止咳,effect
GX_1501,口疮,effect
GX_1502,渗湿通淋,effect
GX_1503,消肿利咽,effect
GX_1504,滋阴补肺,effect
GX_1505,血滞经闭,effect
GX_1506,行气散瘀,effect
GX_1507,破积,effect
GX_1508,目眩,effect
GX_1509,红肿,effect
GX_1510,脓肿,effect
GX_1511,息风镇痉,effect
GX_1512,盆腔炎,effect
GX_1513,逐寒湿,effect
GX_1514,痨伤,effect
GX_1515,滑精,effect
GX_1516,退黄疸,effect
GX_1517,热淋涩痛,effect
GX_1518,跌打扭伤,effect
GX_1519,气短,effect
GX_1520,温肾,effect
GX_1521,喉蛾,effect
GX_1522,口舌生疮,effect
GX_1523,定喘,effect
GX_1524,跌打损伤,effect
GX_1525,肺气,effect
GX_1526,霍乱,effect
GX_1527,扩张冠脉血管,effect
GX_1528,养心安神,effect
GX_1529,制酸止痛,effect
GX_1530,热疮,effect
GX_1531,潜阳,effect
GX_1532,外敷,effect
GX_1533,寒疝,effect
GX_1534,驱风除湿,effect
GX_1535,脘腹冷痛,effect
GX_1536,凉血止痢,effect
GX_1537,湿热痢疾,effect
GX_1538,清肠疏风,effect
GX_1539,润肺化痰。用于气血不足,effect
GX_1540,去烦热,effect
GX_1541,固崩,effect
GX_1542,滋阴补虚,effect
GX_1543,润肠通便,effect
GX_1544,痞积,effect
GX_1545,清肺润燥,effect
GX_1546,攻毒疗疮,effect
GX_1547,扭伤,effect
GX_1548,润肠,effect
GX_1549,养血润肤,effect
GX_1550,体虚乏力,effect
GX_1551,明目乌发,effect
GX_1552,高血压症,effect
GX_1553,养阴润肺,effect
GX_1554,筋骨痛,effect
GX_1555,拘挛麻木,effect
GX_1556,乳汁不通,effect
GX_1557,疮痈,effect
GX_1558,干黄水,effect
GX_1559,止痛,effect
GX_1560,镇心,effect
GX_1561,狂犬咬伤,effect
GX_1562,益气解表,effect
GX_1563,健脑,effect
GX_1564,解暑热,effect
GX_1565,钩虫病,effect
GX_1566,清热开窍,effect
GX_1567,痈毒,effect
GX_1568,脚弱,effect
GX_1569,清热利水,effect
GX_1570,热毒,effect
GX_1571,口噤,effect
GX_1572,解郁止痛,effect
GX_1573,化湿和中,effect
GX_1574,开窍清神,effect
GX_1575,小便短赤,effect
GX_1576,提脓拔毒,effect
GX_1577,感冒发热,effect
GX_1578,补益肝肾,effect
GX_1579,高血压,effect
GX_1580,祛痰药,effect
GX_1581,补肾填精,effect
GX_1582,补血安胎,effect
GX_1583,雀目,effect
GX_1584,牙龈肿痛,effect
GX_1585,去腐,effect
GX_1586,收效止血,effect
GX_1587,凉血止血,effect
GX_1588,清心热,effect
GX_1589,痈肿疔疮,effect
GX_1590,散风止痛,effect
GX_1591,豁痰利咽,effect
GX_1592,呕吐泄泻,effect
GX_1593,舒经活络,effect
GX_1594,小儿口疮,effect
GX_1595,升举阳气,effect
GX_1596,产后瘀血腹痛,effect
GX_1597,消水肿,effect
GX_1598,瘙痒,effect
GX_1599,饮食积滞,effect
GX_1600,关节痛,effect
GX_1601,辛凉宣泄,effect
GX_1602,小便频数,effect
GX_1603,痧症,effect
GX_1604,头癣,effect
GX_1605,感冒高热,effect
GX_1606,坠痰下气,effect
GX_1607,痱子,effect
GX_1608,行滞,effect
GX_1609,清利,effect
GX_1610,肾虚腰痛,effect
GX_1611,湿痹,effect
GX_1612,久不收口,effect
GX_1613,关节疼痛,effect
GX_1614,身热,effect
GX_1615,麻疹透发不畅,effect
GX_1616,除湿解毒,effect
GX_1617,头风头痛,effect
GX_1618,舒肝和胃,effect
GX_1619,温脾,effect
GX_1620,下痢,effect
GX_1621,头痛眩晕,effect
GX_1622,强心,effect
GX_1623,清心除烦,effect
GX_1624,目翳,effect
GX_1625,镇痉,effect
GX_1626,血栓闭塞性脉管炎,effect
GX_1627,蛇咬伤,effect
GX_1628,白喉,effect
GX_1629,益肾固精,effect
GX_1630,止咳止痛,effect
GX_1631,百日咳,effect
GX_1632,顽痹,effect
GX_1633,小儿夜啼,effect
GX_1634,痈肿,effect
GX_1635,敛疮生肌,effect
GX_1636,胸痹,effect
GX_1637,心腹疼痛,effect
GX_1638,腰痛,effect
GX_1639,痰多,effect
GX_1640,治急性,effect
GX_1641,化湿消痞,effect
GX_1642,行气化湿,effect
GX_1643,壮筋骨,effect
GX_1644,虚劳咳嗽,effect
GX_1645,清热除烦,effect
GX_1646,泻热通便,effect
GX_1647,化痰散结,effect
GX_1648,清热通下,effect
GX_1649,津伤口渴,effect
GX_1650,明目去翳,effect
GX_1651,疏肝健脾,effect
GX_1652,浑火止痛,effect
GX_1653,降气,effect
GX_1654,消痈,effect
GX_1655,秘精益气,effect
GX_1656,通络下乳,effect
GX_1657,强阴,effect
GX_1658,胃炎,effect
GX_1659,泻下,effect
GX_1660,利水渗湿,effect
GX_1661,散风除热,effect
GX_1662,面目肌肤浮肿,effect
GX_1663,健胃导滞,effect
GX_1664,烫伤,effect
GX_1665,口臭,effect
GX_1666,散肿毒,effect
GX_1667,溃烂,effect
GX_1668,清热排脓,effect
GX_1669,醒脾消食,effect
GX_1670,病后虚热不退,effect
GX_1671,功能性子宫出血,effect
GX_1672,散结消肿,effect
GX_1673,咳嗽痰多,effect
GX_1674,清热化痰,effect
GX_1675,生津润肺,effect
GX_1676,逐痰降火,effect
GX_1677,攻积,effect
GX_1678,中暑,effect
GX_1679,小儿疳积,effect
GX_1680,清头目,effect
GX_1681,镇惊,effect
GX_1682,引火归元,effect
GX_1683,平肝止痛,effect
GX_1684,温肾散寒,effect
GX_1685,行滞消胀,effect
GX_1686,主肾虚,effect
GX_1687,逐风寒湿邪,effect
GX_1688,疏解风热,effect
GX_1689,祛风止咳,effect
GX_1690,止渴,effect
GX_1691,小便淋痛,effect
GX_1692,理气健脾,effect
GX_1693,干血痨,effect
GX_1694,化痰除湿,effect
GX_1695,咽肿,effect
GX_1696,拔毒,effect
GX_1697,月经不调,effect
GX_1698,蚀疮,effect
GX_1699,跌打伤肿,effect
GX_1700,破血通经,effect
GX_1701,软坚散结,effect
GX_1702,利湿解毒,effect
GX_1703,下肢溃疡,effect
GX_1704,益脾胃,effect
GX_1705,去翳,effect
GX_1706,续伤止痛,effect
GX_1707,止痛止痒,effect
GX_1708,开郁消食,effect
GX_1709,呕吐,effect
GX_1710,大便秘结,effect
GX_1711,补腰肾,effect
GX_1712,暑热烦渴,effect
GX_1713,纳气定喘,effect
GX_1714,痰饮,effect
GX_1715,燥湿化痰,effect
GX_1716,治阴虚,effect
GX_1717,盗汗,effect
GX_1718,益气力,effect
GX_1719,大便下血,effect
GX_1720,平肝潜阳,effect
GX_1721,清神,effect
GX_1722,解表散风,effect
GX_1723,脱臼,effect
GX_1724,通关窍,effect
GX_1725,通经活络,effect
GX_1726,目暗,effect
GX_1727,心烦口渴,effect
GX_1728,清凉,effect
GX_1729,刀枪伤,effect
GX_1730,下疳,effect
GX_1731,消谷,effect
GX_1732,定惊明目,effect
GX_1733,咳嗽气喘,effect
GX_1734,润肌肤,effect
GX_1735,消痰软坚散结,effect
GX_1736,利尿通淋,effect
GX_1737,宽胸润喉,effect
GX_1738,胆囊炎,effect
GX_1739,催生,effect
GX_1740,清肝利胆,effect
GX_1741,气喘,effect
GX_1742,痈疽疮毒,effect
GX_1743,消癥,effect
GX_1744,风火牙痛,effect
GX_1745,通乳汁,effect
GX_1746,疏气解郁,effect
GX_1747,健脾益胃,effect
GX_1748,解郁安神。用于心神不安,effect
GX_1749,利尿解毒,effect
GX_1750,目疾,effect
GX_1751,火眼,effect
GX_1752,消食化滞,effect
GX_1753,除脓,effect
GX_1754,利尿托毒,effect
GX_1755,抗菌消炎,effect
GX_1756,益气补虚,effect
GX_1757,补血,effect
GX_1758,细菌性痢疾,effect
GX_1759,解毒,effect
GX_1760,温中,effect
GX_1761,益气养血,effect
GX_1762,补脾止泻,effect
GX_1763,清心火,effect
GX_1764,骨蒸,effect
GX_1765,痧气腹痛,effect
GX_1766,血淋,effect
GX_1767,泻火明目,effect
GX_1768,破瘀血,effect
GX_1769,滋补肝,effect
GX_1770,凉肝,effect
GX_1771,水泻,effect
GX_1772,止泄,effect
GX_1773,无汗,effect
GX_1774,乏力,effect
GX_1775,虚寒,effect
GX_1776,清血热,effect
GX_1777,安神镇惊,effect
GX_1778,头晕目眩,effect
GX_1779,清热消肿,effect
GX_1780,痈疽疮疖,effect
GX_1781,痰中带血,effect
GX_1782,解毒排脓,effect
GX_1783,止霍乱,effect
GX_1784,泻水通便,effect
GX_1785,二便不通,effect
GX_1786,止嗽化痰,effect
GX_1787,月经过多,effect
GX_1788,止血,effect
GX_1789,补益心气,effect
GX_1790,肝脾肿大,effect
GX_1791,散寒解表,effect
GX_1792,消疳热,effect
GX_1793,散结,effect
GX_1794,止痉安神,effect
GX_1795,除烦热,effect
GX_1796,宣肺透疹,effect
GX_1797,尿道炎,effect
GX_1798,多汗,effect
GX_1799,腹痛泄泻,effect
GX_1800,健脾益肺,effect
GX_1801,骨蒸劳热,effect
GX_1802,疮疡疖肿,effect
GX_1803,无名肿毒,effect
GX_1804,通九窍,effect
GX_1805,丝虫病,effect
GX_1806,祛风活血,effect
GX_1807,结石,effect
GX_1808,跌打骨折,effect
GX_1809,止咳、化痰,effect
GX_1810,活血定痛,effect
GX_1811,清热利湿,effect
GX_1812,偏正头痛,effect
GX_1813,润五脏,effect
GX_1814,调气,effect
GX_1815,急性咽喉炎,effect
GX_1816,利湿热,effect
GX_1817,久泻,effect
GX_1818,痰浊黄稠,effect
GX_1819,除疳热,effect
GX_1820,降气止咳平喘,effect
GX_1821,恶疮疥癣,effect
GX_1822,疝瘕,effect
GX_1823,热结便秘,effect
GX_1824,湿热带下,effect
GX_1825,调和气血,effect
GX_1826,便秘及食欲不振,effect
GX_1827,止痛安胎,effect
GX_1828,抑制分泌,effect
GX_1829,补肾生精,effect
GX_1830,冻伤,effect
GX_1831,催产,effect
GX_1832,咳嗽咯血,effect
GX_1833,湿热黄疸,effect
GX_1834,睾丸炎,effect
GX_1835,通阳,effect
GX_1836,化气,effect
GX_1837,疮疡,effect
GX_1838,清肠止血,effect
GX_1839,祛风镇惊,effect
GX_1840,风湿痛,effect
GX_1841,清火顺气,effect
GX_1842,祛风豁痰,effect
GX_1843,敛阴,effect
GX_1844,安蛔,effect
GX_1845,癫痫,effect
GX_1846,通窍止痛,effect
GX_1847,宣肺,effect
GX_1848,行气破血,effect
GX_1849,凉肝利胆,effect
GX_1850,感冒,effect
GX_1851,慢性胃炎,effect
GX_1852,通络,effect
GX_1853,皮肤皲裂,effect
GX_1854,关节酸痛,effect
GX_1855,解肌透表,effect
GX_1856,降逆平喘,effect
GX_1857,化痰,effect
GX_1858,收敛固涩,effect
GX_1859,降逆止呕,effect
GX_1860,肠出血,effect
GX_1861,流行性乙型脑炎,effect
GX_1862,收湿,effect
GX_1863,止泻,effect
GX_1864,燥湿止痒；内服止血止泻,effect
GX_1865,降气消痰,effect
GX_1866,治咽喉,effect
GX_1867,祛湿通窍,effect
GX_1868,解表化湿,effect
GX_1869,止嗽定喘,effect
GX_1870,腹水,effect
GX_1871,停滞,effect
GX_1872,敛阴止汗,effect
GX_1873,血痢,effect
GX_1874,益血,effect
GX_1875,滑肠,effect
GX_1876,续筋接骨,effect
GX_1877,清暑热,effect
GX_1878,益精气,effect
GX_1879,凉血,effect
GX_1880,痰核,effect
GX_1881,益精填髓,effect
GX_1882,风湿腰痛,effect
GX_1883,清凉解毒,effect
GX_1884,行气泻水,effect
GX_1885,利水通经,effect
GX_1886,牙龈出血,effect
GX_1887,咳血,effect
GX_1888,消痈下乳,effect
GX_1889,肿毒,effect
GX_1890,胀满,effect
GX_1891,消积和胃,effect
GX_1892,胃寒疼痛,effect
GX_1893,神经衰弱,effect
GX_1894,利湿退黄,effect
GX_1895,筋骨痿软,effect
GX_1896,火伤,effect
GX_1897,利尿通淋、破血通经,effect
GX_1898,子宫下垂,effect
GX_1899,润肺,effect
GX_1900,消肿毒,effect
GX_1901,温中健脾,effect
GX_1902,解毒退热,effect
GX_1903,润燥软坚,effect
GX_1904,祛湿通络,effect
GX_1905,解渴,effect
GX_1906,扭挫伤,effect
GX_1907,风火赤眼,effect
GX_1908,理气,effect
GX_1909,心神不安,effect
GX_1910,宣肺散寒,effect
GX_1911,肠痈,effect
GX_1912,咽喉痛,effect
GX_1913,菌痢,effect
GX_1914,通阳复脉,effect
GX_1915,风湿性关节炎,effect
GX_1916,散风祛湿,effect
GX_1917,食少干呕,effect
GX_1918,痛风,effect
GX_1919,理气通脉,effect
GX_1920,消积止痛,effect
GX_1921,泻火,effect
GX_1922,热泻,effect
GX_1923,退热除蒸,effect
GX_1924,刺激性泻药,effect
GX_1925,止呕逆,effect
GX_1926,活血祛风,effect
GX_1927,逐水通便,effect
GX_1928,黄水疮,effect
GX_1929,蛇虫咬伤,effect
GX_1930,清热,effect
GX_1931,益肾涩精,effect
GX_1932,心气痛,effect
GX_1933,健脾益肾,effect
GX_1934,通经活血,effect
GX_1935,化湿止泻,effect
GX_1936,酒服,effect
GX_1937,清肝火,effect
GX_1938,带状疱疹,effect
GX_1939,乳蛾,effect
GX_1940,调中,effect
GX_1941,清热定惊,effect
GX_1942,祛痰开窍,effect
GX_1943,耳聋,effect
GX_1944,祛风消肿,effect
GX_1945,豁除顽痰,effect
GX_1946,阴虚,effect
GX_1947,久泻久痢,effect
GX_1948,治脾,effect
GX_1949,平冲降气,effect
GX_1950,解疮毒,effect
GX_1951,偏瘫,effect
GX_1952,症瘕,effect
GX_1953,头风痛,effect
GX_1954,利胆排石,effect
GX_1955,通诸窍,effect
GX_1956,行气破瘀,effect
GX_1957,发热,effect
GX_1958,托疮毒,effect
GX_1959,清利头目,effect
GX_1960,散毒,effect
GX_1961,口渴,effect
GX_1962,利湿消肿,effect
GX_1963,清肺降气,effect
GX_1964,抗胆碱药,effect
GX_1965,除寒热,effect
GX_1966,角膜云翳,effect
GX_1967,散风热,effect
GX_1968,安神,effect
GX_1969,肾虚遗精,effect
GX_1970,痔疮肿痛,effect
GX_1971,散瘀活血,effect
GX_1972,骨蒸潮热,effect
GX_1973,骨折,effect
GX_1974,顺气止痛,effect
GX_1975,利咽,effect
GX_1976,和胃止痛,effect
GX_1977,排脓生肌,effect
GX_1978,温中止呕,effect
GX_1979,肠炎,effect
GX_1980,活血消肿,effect
GX_1981,胃寒痛,effect
GX_1982,生津止咳,effect
GX_1983,肝肾,effect
GX_1984,乳腺癌,effect
GX_1985,抗病毒药、抗癌药,effect
GX_1986,调经舒郁,effect
GX_1987,腹胀,effect
GX_1988,流脑,effect
GX_1989,活血化瘀通络,effect
GX_1990,清热宣肺,effect
GX_1991,尿血,effect
GX_1992,镇惊安神,effect
GX_1993,截疟,effect
GX_1994,营养神经,effect
GX_1995,除湿热,effect
GX_1996,疏肝理气,effect
GX_1997,疏风镇惊,effect
GX_1998,虫蛇咬伤,effect
GX_1999,疏风散热,effect
GX_2000,滋阴补血,effect
GX_2001,清热祛湿,effect
GX_2002,肺热咳喘,effect
GX_2003,肺热喘咳,effect
GX_2004,除痹,effect
GX_2005,收汗,effect
GX_2006,腐蚀赘疣,effect
GX_2007,开郁醒脾,effect
GX_2008,产后血晕,effect
GX_2009,清心；豁痰,effect
GX_2010,捣烂外敷,effect
GX_2011,祛瘀生新,effect
GX_2012,化脓性,effect
GX_2013,温阳,effect
GX_2014,止浊,effect
GX_2015,消肿。用于乳痈,effect
GX_2016,刀伤出血,effect
GX_2017,补肾宁心,effect
GX_2018,劳嗽,effect
GX_2019,噎膈,effect
GX_2020,阳萎,effect
GX_2021,蜂螫伤,effect
GX_2022,健脾开胃,effect
GX_2023,煎汤洗,effect
GX_2024,心痛,effect
GX_2025,疮癣,effect
GX_2026,平喘,effect
GX_2027,痔疾,effect
GX_2028,阴道滴虫,effect
GX_2029,用于血热吐衄,effect
GX_2030,降脂,effect
GX_2031,温经止痛,effect
GX_2032,化痰通便,effect
GX_2033,痈肿疔毒,effect
GX_2034,跌打瘀肿,effect
GX_2035,和脾,effect
GX_2036,冷气,effect
GX_2037,腮腺炎,effect
GX_2038,痈疽恶疮,effect
GX_2039,湿毒,effect
GX_2040,胸胁疼痛,effect
GX_2041,燥湿止痒,effect
GX_2042,跌打肿痛,effect
GX_2043,清热止血,effect
GX_2044,蛔虫症,effect
GX_2045,润肺清心,effect
GX_2046,消风,effect
GX_2047,续折伤,effect
GX_2048,祛湿敛疮,effect
GX_2049,补益肺肾,effect
GX_2050,除痹止泻,effect
GX_2051,固精,effect
GX_2052,通利二便,effect
GX_2053,改善心肌缺血,effect
GX_2054,急性肾炎,effect
GX_2055,收涩,effect
GX_2056,外用治痈肿,effect
GX_2057,安神解毒,effect
GX_2058,崩漏带下,effect
GX_2059,逐瘀通经,effect
GX_2060,喉痛,effect
GX_2061,健脾宁心,effect
GX_2062,化瘀,effect
GX_2063,麻疹,effect
GX_2064,解肌清热,effect
GX_2065,脚气水肿,effect
GX_2066,疔疮痈肿,effect
GX_2067,宽胸顺气,effect
GX_2068,宣肺止嗽,effect
GX_2069,风湿骨痛,effect
GX_2070,生姜,effect
GX_2071,清热养阴,effect
GX_2072,感冒头痛,effect
GX_2073,祛湿,effect
GX_2074,淋巴结结核,effect
GX_2075,益气,effect
GX_2076,益肺气,effect
GX_2077,渗湿,effect
GX_2078,病后体虚,effect
GX_2079,疮疖肿毒,effect
GX_2080,脘腹胀满,effect
GX_2081,产后瘀滞腹痛,effect
GX_2082,胆结石,effect
GX_2083,明目醒神,effect
GX_2084,追风,effect
GX_2085,生肌敛疮,effect
GX_2086,去瘀血,effect
GX_2087,通络止痛,effect
GX_2088,发热头痛,effect
GX_2089,闭经,effect
GX_2090,平肝息风,effect
GX_2091,强筋壮骨,effect
GX_2092,劳伤疼痛,effect
GX_2093,祛风定惊,effect
GX_2094,赤白带下,effect
GX_2095,肺痈,effect
GX_2096,活血,effect
GX_2097,滋阴润肺,effect
GX_2098,温肾健脾,effect
GX_2099,各种出血,effect
GX_2100,芳香化浊、开胃止呕,effect
GX_2101,大补,effect
GX_2102,止痛消肿,effect
GX_2103,通月经,effect
GX_2104,清心镇惊,effect
GX_2105,气胀,effect
GX_2106,清热除湿,effect
GX_2107,麻木,effect
GX_2108,健脾消食,effect
GX_2109,怔忡,effect
GX_2110,收敛止痛,effect
GX_2111,难产,effect
GX_2112,外伤感染,effect
GX_2113,贫血,effect
GX_2114,翳膜遮睛,effect
GX_2115,健胃消食,effect
GX_2116,抗菌消炎、调节免疫、抗氧化、加速组织愈合,effect
GX_2117,疮痈肿痛,effect
GX_2118,跌打内伤,effect
GX_2119,补肝,effect
GX_2120,补火助阳,effect
GX_2121,鹤膝风,effect
GX_2122,寒疝腹痛,effect
GX_2123,头晕耳鸣,effect
GX_2124,外感风寒,effect
GX_2125,解酒毒,effect
GX_2126,脾虚食少,effect
GX_2127,消痞散结,effect
GX_2128,舒筋活络,effect
GX_2129,缓急,effect
GX_2130,活血调经,effect
GX_2131,摄唾,effect
GX_2132,劫痰,effect
GX_2133,妇女崩漏,effect
GX_2134,平肝,effect
GX_2135,祛寒,effect
GX_2136,疏风通络,effect
GX_2137,敛肺定喘,effect
GX_2138,升阳举陷,effect
GX_2139,食物中毒,effect
GX_2140,治肺结核,effect
GX_2141,消肿解毒,effect
GX_2142,化浊,effect
GX_2143,流行性感冒,effect
GX_2144,治肺热,effect
GX_2145,紫癜,effect
GX_2146,解毒止痛,effect
GX_2147,疝气痛,effect
GX_2148,毒虫咬伤,effect
GX_2149,疝痛,effect
GX_2150,解表散热,effect
GX_2151,肺结核,effect
GX_2152,补肾纳气,effect
GX_2153,清火消肿,effect
GX_2154,抽搐,effect
GX_2155,坚筋骨,effect
GX_2156,利水消肿。用于肺热喘咳,effect
GX_2157,疏肝破气,effect
GX_2158,皮肤溃疡,effect
GX_2159,补肾强骨,effect
GX_2160,虚劳赢瘦,effect
GX_2161,鲜地黄  清热,effect
GX_2162,心腹痛,effect
GX_2163,脉管炎,effect
GX_2164,补肾清肝,effect
GX_2165,牙痛,effect
GX_2166,衄血,effect
GX_2167,风湿筋骨痛,effect
GX_2168,淸热,effect
GX_2169,目生翳障,effect
GX_2170,内伤吐血,effect
GX_2171,温肾化气,effect
GX_2172,久咳,effect
GX_2173,小儿惊痫,effect
GX_2174,消肿通便,effect
GX_2175,金疮出血,effect
GX_2176,涌吐,effect
GX_2177,化瘀止血,effect
GX_2178,健脾止泻,effect
GX_2179,头痛,effect
GX_2180,益精养血,effect
GX_2181,清热通窍,effect
GX_2182,补血滋阴,effect
GX_2183,行气散结,effect
GX_2184,丹毒,effect
GX_2185,祛暑除湿,effect
GX_2186,养血活血,effect
GX_2187,逐瘀止痛,effect
GX_2188,调补肝肾,effect
GX_2189,健脾化湿,effect
GX_2190,助阳化气,effect
GX_2191,凉血消斑,effect
GX_2192,解毒杀虫,effect
GX_2193,苦味健胃药,effect
GX_2194,清热解毒,effect
GX_2195,乙脑,effect
GX_2196,风湿痹痛,effect
GX_2197,祛风止痉,effect
GX_2198,固经止带,effect
GX_2199,水肿胀满尿少,effect
GX_2200,利湿止泻,effect
GX_2201,温补气血,effect
GX_2202,利小便,effect
GX_2203,消肿生肌,effect
GX_2204,疏风解表,effect
GX_2205,凉血消肿,effect
GX_2206,咽干,effect
GX_2207,收敛生肌,effect
GX_2208,解表化饮,effect
GX_2209,损伤,effect
GX_2210,咽炎,effect
GX_2211,肠风泻血,effect
GX_2212,解表,effect
GX_2213,淋巴结核,effect
GX_2214,利水,effect
GX_2215,行滞气,effect
GX_2216,胃肠炎,effect
GX_2217,止血消肿,effect
GX_2218,止痉,effect
GX_2219,能减轻对咽部黏膜的刺激,effect
GX_2220,鼻出血,effect
GX_2221,虚肿,effect
GX_2222,温肾助阳,effect
GX_2223,肠风便血,effect
GX_2224,补五劳七伤,effect
GX_2225,镇静止痛,effect
GX_2226,毒蛇咬伤,effect
GX_2227,镇痉定惊,effect
GX_2228,消瘀血,effect
GX_2229,除热,effect
GX_2230,外用治湿疹,effect
GX_2231,痞块,effect
GX_2232,健胃驱风,effect
GX_2233,消痰止咳,effect
GX_2234,急性扁桃体炎,effect
GX_2235,解毒消痈,effect
GX_2236,绦虫病,effect
GX_2237,骨节疼痛,effect
GX_2238,心慌,effect
GX_2239,续筋骨,effect
GX_2240,发烧,effect
GX_2241,温阳化气,effect
GX_2242,骨髓炎,effect
GX_2243,醒脾开胃,effect
GX_2244,消食开胃,effect
GX_2245,烦渴,effect
GX_2246,霍乱吐泻,effect
GX_2247,泻水逐饮,effect
GX_2248,益胃生津,effect
GX_2249,敛疮；内服祛痰消积,effect
GX_2250,解毒散结,effect
GX_2251,散痞,effect
GX_2252,祛风散寒,effect
GX_2253,疏散,effect
GX_2254,臁疮,effect
GX_2255,软坚,effect
GX_2256,清暑利湿,effect
GX_2257,跌打瘀痛,effect
GX_2258,温中行气,effect
GX_2259,解毒散结止痛,effect
GX_2260,活血镇痛,effect
GX_2261,解郁安神,effect
GX_2262,益气健脾,effect
GX_2263,口干烦渴,effect
GX_2264,赘疣,effect
GX_2265,淋巴结炎,effect
GX_2266,固涩,effect
GX_2267,痰热咳嗽,effect
GX_2268,解除平滑肌痉挛,effect
GX_2269,发散风寒,effect
GX_2270,清肺生津,effect
GX_2271,攻毒散结,effect
GX_2272,跌扑,effect
GX_2273,润燥,effect
GX_2274,抗菌,effect
GX_2275,眩晕,effect
GX_2276,湿热,effect
GX_2277,霍乱转筋,effect
GX_2278,清热解毒、凉血消肿,effect
GX_2279,行血,effect
GX_2280,崩漏,effect
GX_2281,除蒸,effect
GX_2282,产后腹痛,effect
GX_2283,痰热,effect
GX_2284,乳少,effect
GX_2285,破血消癥,effect
GX_2286,消脱,effect
GX_2287,烧伤,effect
GX_2288,燥湿利水,effect
GX_2289,补脾养胃,effect
GX_2290,温肾固精,effect
GX_2291,凉心定惊,effect
GX_2292,消积滞,effect
GX_2293,龋齿痛,effect
GX_2294,身痛,effect
GX_2295,咽喉炎,effect
GX_2296,胸腹胀满,effect
GX_2297,清湿热,effect
GX_2298,湿热泻痢,effect
GX_2299,惊风,effect
GX_2300,祛寒湿,effect
GX_2301,小儿消化不良,effect
GX_2302,牛皮癣,effect
GX_2303,病后体弱,effect
GX_2304,导滞,effect
GX_2305,食积,effect
GX_2306,祛风胜湿,effect
GX_2307,泻火通便,effect
GX_2308,发表宣肺,effect
GX_2309,增进食欲,effect
GX_2310,下食,effect
GX_2311,治诸,effect
GX_2312,跌扑损伤,effect
GX_2313,化湿,effect
GX_2314,痧气,effect
GX_2315,强身补脑,effect
GX_2316,小便不通,effect
GX_2317,除烦止渴,effect
GX_2318,生肌,effect
GX_2319,皮炎,effect
GX_2320,解酒,effect
GX_2321,鼠瘘,effect
GX_2322,高血压病,effect
GX_2323,疮疖痈肿,effect
GX_2324,风湿关节痛,effect
GX_2325,止泻止痢,effect
GX_2326,身痒,effect
GX_2327,镇心安神,effect
GX_2328,通便,effect
GX_2329,流感,effect
GX_2330,阴囊湿痒,effect
GX_2331,强腰膝,effect
GX_2332,滋肾,effect
GX_2333,熄风,effect
GX_2334,泻火利咽,effect
GX_2335,内服治,effect
GX_2336,去腐生新,effect
GX_2337,通经消癥,effect
GX_2338,癃闭,effect
GX_2339,温胃,effect
GX_2340,泻肺平喘,effect
GX_2341,瘫痪,effect
GX_2342,热病烦渴,effect
GX_2343,暑热,effect
GX_2344,化瘀凉血止血,effect
GX_2345,中耳炎,effect
GX_2346,脚气,effect
GX_2347,开胃消食,effect
