index:ID,targetName,:LABEL
ETCM_Target_Genes_id_1,A2M,target
ETCM_Target_Genes_id_2,NAT2,target
ETCM_Target_Genes_id_3,AANAT,target
ETCM_Target_Genes_id_4,AARS,target
ETCM_Target_Genes_id_5,ABAT,target
ETCM_Target_Genes_id_6,ABCA1,target
ETCM_Target_Genes_id_7,ABCA3,target
ETCM_Target_Genes_id_8,ABL1,target
ETCM_Target_Genes_id_9,ABL2,target
ETCM_Target_Genes_id_10,ABO,target
ETCM_Target_Genes_id_11,ACACA,target
ETCM_Target_Genes_id_12,ACACB,target
ETCM_Target_Genes_id_13,ACADM,target
ETCM_Target_Genes_id_14,ACADS,target
ETCM_Target_Genes_id_15,ACADSB,target
ETCM_Target_Genes_id_16,ACAT2,target
ETCM_Target_Genes_id_17,ACHE,target
ETCM_Target_Genes_id_18,ACO2,target
ETCM_Target_Genes_id_19,ACOX1,target
ETCM_Target_Genes_id_20,ACP1,target
ETCM_Target_Genes_id_21,ACPP,target
ETCM_Target_Genes_id_22,ACTA1,target
ETCM_Target_Genes_id_23,ACTB,target
ETCM_Target_Genes_id_24,ACVR1,target
ETCM_Target_Genes_id_25,ACVR1B,target
ETCM_Target_Genes_id_26,ACVRL1,target
ETCM_Target_Genes_id_27,ACY1,target
ETCM_Target_Genes_id_28,ACYP2,target
ETCM_Target_Genes_id_29,ADA,target
ETCM_Target_Genes_id_30,ADCY1,target
ETCM_Target_Genes_id_31,ADCY2,target
ETCM_Target_Genes_id_32,ADCY5,target
ETCM_Target_Genes_id_33,ADCYAP1,target
ETCM_Target_Genes_id_34,ADH1A,target
ETCM_Target_Genes_id_35,ADH1B,target
ETCM_Target_Genes_id_36,ADH1C,target
ETCM_Target_Genes_id_37,ADH4,target
ETCM_Target_Genes_id_38,ADH5,target
ETCM_Target_Genes_id_39,ADH6,target
ETCM_Target_Genes_id_40,ADH7,target
ETCM_Target_Genes_id_41,ADK,target
ETCM_Target_Genes_id_42,ADORA1,target
ETCM_Target_Genes_id_43,ADORA2A,target
ETCM_Target_Genes_id_44,ADORA2B,target
ETCM_Target_Genes_id_45,ADORA3,target
ETCM_Target_Genes_id_46,PARP1,target
ETCM_Target_Genes_id_47,ADRA1D,target
ETCM_Target_Genes_id_48,ADRA1B,target
ETCM_Target_Genes_id_49,ADRA1A,target
ETCM_Target_Genes_id_50,ADRA2A,target
ETCM_Target_Genes_id_51,ADRA2B,target
ETCM_Target_Genes_id_52,ADRA2C,target
ETCM_Target_Genes_id_53,ADRB1,target
ETCM_Target_Genes_id_54,ADRB2,target
ETCM_Target_Genes_id_55,ADRB3,target
ETCM_Target_Genes_id_56,ADRBK1,target
ETCM_Target_Genes_id_57,ADRBK2,target
ETCM_Target_Genes_id_58,ADSS,target
ETCM_Target_Genes_id_59,ACAN,target
ETCM_Target_Genes_id_60,AGTR1,target
ETCM_Target_Genes_id_61,AGTR2,target
ETCM_Target_Genes_id_62,AGXT,target
ETCM_Target_Genes_id_63,NR0B1,target
ETCM_Target_Genes_id_64,AHCY,target
ETCM_Target_Genes_id_65,AHR,target
ETCM_Target_Genes_id_66,AK1,target
ETCM_Target_Genes_id_67,AK2,target
ETCM_Target_Genes_id_68,AK4,target
ETCM_Target_Genes_id_69,AKT1,target
ETCM_Target_Genes_id_70,AKT2,target
ETCM_Target_Genes_id_71,ALAD,target
ETCM_Target_Genes_id_72,ALAS1,target
ETCM_Target_Genes_id_73,ALAS2,target
ETCM_Target_Genes_id_74,ALB,target
ETCM_Target_Genes_id_75,ALDH1A1,target
ETCM_Target_Genes_id_76,ALDH2,target
ETCM_Target_Genes_id_77,ALDH3A1,target
ETCM_Target_Genes_id_78,ALDH1B1,target
ETCM_Target_Genes_id_79,ALDH1A3,target
ETCM_Target_Genes_id_80,ALDH3B1,target
ETCM_Target_Genes_id_81,ALDH3B2,target
ETCM_Target_Genes_id_82,ALDH9A1,target
ETCM_Target_Genes_id_83,ALDH3A2,target
ETCM_Target_Genes_id_84,ALDOA,target
ETCM_Target_Genes_id_85,ALDOB,target
ETCM_Target_Genes_id_86,AKR1B1,target
ETCM_Target_Genes_id_87,ALK,target
ETCM_Target_Genes_id_88,ALOX5,target
ETCM_Target_Genes_id_89,ALOX15,target
ETCM_Target_Genes_id_90,ALPL,target
ETCM_Target_Genes_id_91,ALPP,target
ETCM_Target_Genes_id_92,ALPPL2,target
ETCM_Target_Genes_id_93,AMD1,target
ETCM_Target_Genes_id_94,AMHR2,target
ETCM_Target_Genes_id_95,AMPD1,target
ETCM_Target_Genes_id_96,AMT,target
ETCM_Target_Genes_id_97,AMY1A,target
ETCM_Target_Genes_id_98,AMY2A,target
ETCM_Target_Genes_id_99,AMY2B,target
ETCM_Target_Genes_id_100,ANG,target
ETCM_Target_Genes_id_101,ANPEP,target
ETCM_Target_Genes_id_102,SLC25A4,target
ETCM_Target_Genes_id_103,ANXA1,target
ETCM_Target_Genes_id_104,ANXA3,target
ETCM_Target_Genes_id_105,ANXA5,target
ETCM_Target_Genes_id_106,AOX1,target
ETCM_Target_Genes_id_107,APAF1,target
ETCM_Target_Genes_id_108,APCS,target
ETCM_Target_Genes_id_109,APEX1,target
ETCM_Target_Genes_id_110,XIAP,target
ETCM_Target_Genes_id_111,BIRC5,target
ETCM_Target_Genes_id_112,APOD,target
ETCM_Target_Genes_id_113,APOH,target
ETCM_Target_Genes_id_114,APP,target
ETCM_Target_Genes_id_115,APRT,target
ETCM_Target_Genes_id_116,KLK3,target
ETCM_Target_Genes_id_117,AR,target
ETCM_Target_Genes_id_118,ABCC6,target
ETCM_Target_Genes_id_119,ARAF,target
ETCM_Target_Genes_id_120,ARF1,target
ETCM_Target_Genes_id_121,ARF4,target
ETCM_Target_Genes_id_122,ARF6,target
ETCM_Target_Genes_id_123,ARG1,target
ETCM_Target_Genes_id_124,ARG2,target
ETCM_Target_Genes_id_125,RHOA,target
ETCM_Target_Genes_id_126,RND3,target
ETCM_Target_Genes_id_127,ARL1,target
ETCM_Target_Genes_id_128,ARL3,target
ETCM_Target_Genes_id_129,ARSA,target
ETCM_Target_Genes_id_130,STS,target
ETCM_Target_Genes_id_131,ART1,target
ETCM_Target_Genes_id_132,ASL,target
ETCM_Target_Genes_id_133,ASMT,target
ETCM_Target_Genes_id_134,ASNA1,target
ETCM_Target_Genes_id_135,ASNS,target
ETCM_Target_Genes_id_136,ASPA,target
ETCM_Target_Genes_id_137,ASPH,target
ETCM_Target_Genes_id_138,ASS1,target
ETCM_Target_Genes_id_139,SERPINC1,target
ETCM_Target_Genes_id_140,ATF1,target
ETCM_Target_Genes_id_141,ATF3,target
ETCM_Target_Genes_id_142,ATF4,target
ETCM_Target_Genes_id_143,ATIC,target
ETCM_Target_Genes_id_144,ATM,target
ETCM_Target_Genes_id_145,ATOX1,target
ETCM_Target_Genes_id_146,ATP1A1,target
ETCM_Target_Genes_id_147,ATP1A2,target
ETCM_Target_Genes_id_148,ATP1A3,target
ETCM_Target_Genes_id_149,ATP2A1,target
ETCM_Target_Genes_id_150,ATP5A1,target
ETCM_Target_Genes_id_151,ALDH7A1,target
ETCM_Target_Genes_id_152,ATP5B,target
ETCM_Target_Genes_id_153,ATP5C1,target
ETCM_Target_Genes_id_154,ATP6V1A,target
ETCM_Target_Genes_id_155,ATP6V1C1,target
ETCM_Target_Genes_id_156,ATP7A,target
ETCM_Target_Genes_id_157,ATP7B,target
ETCM_Target_Genes_id_158,KIF1A,target
ETCM_Target_Genes_id_159,AVPR1A,target
ETCM_Target_Genes_id_160,AVPR1B,target
ETCM_Target_Genes_id_161,AVPR2,target
ETCM_Target_Genes_id_162,AZGP1,target
ETCM_Target_Genes_id_163,B2M,target
ETCM_Target_Genes_id_164,BAAT,target
ETCM_Target_Genes_id_165,BAG1,target
ETCM_Target_Genes_id_166,BCAT1,target
ETCM_Target_Genes_id_167,BCAT2,target
ETCM_Target_Genes_id_168,BCHE,target
ETCM_Target_Genes_id_169,BCL2,target
ETCM_Target_Genes_id_170,BCL2L1,target
ETCM_Target_Genes_id_171,HCN2,target
ETCM_Target_Genes_id_172,BCR,target
ETCM_Target_Genes_id_173,BDH1,target
ETCM_Target_Genes_id_174,BDKRB2,target
ETCM_Target_Genes_id_175,BGLAP,target
ETCM_Target_Genes_id_176,BHMT,target
ETCM_Target_Genes_id_177,BLM,target
ETCM_Target_Genes_id_178,BLMH,target
ETCM_Target_Genes_id_179,BLVRA,target
ETCM_Target_Genes_id_180,BLVRB,target
ETCM_Target_Genes_id_181,BPHL,target
ETCM_Target_Genes_id_182,BPI,target
ETCM_Target_Genes_id_183,BRAF,target
ETCM_Target_Genes_id_184,BST1,target
ETCM_Target_Genes_id_185,BTK,target
ETCM_Target_Genes_id_186,TSPO,target
ETCM_Target_Genes_id_187,C1S,target
ETCM_Target_Genes_id_188,C3,target
ETCM_Target_Genes_id_189,C8G,target
ETCM_Target_Genes_id_190,CA1,target
ETCM_Target_Genes_id_191,CA2,target
ETCM_Target_Genes_id_192,CA3,target
ETCM_Target_Genes_id_193,CA4,target
ETCM_Target_Genes_id_194,CA5A,target
ETCM_Target_Genes_id_195,CA6,target
ETCM_Target_Genes_id_196,CA7,target
ETCM_Target_Genes_id_197,CA9,target
ETCM_Target_Genes_id_198,CA12,target
ETCM_Target_Genes_id_199,CACNA1A,target
ETCM_Target_Genes_id_200,CACNA1B,target
ETCM_Target_Genes_id_201,CACNA1C,target
ETCM_Target_Genes_id_202,CACNA1D,target
ETCM_Target_Genes_id_203,CACNA1F,target
ETCM_Target_Genes_id_204,CACNA1S,target
ETCM_Target_Genes_id_205,DDR1,target
ETCM_Target_Genes_id_206,CACNA2D1,target
ETCM_Target_Genes_id_207,CACNB1,target
ETCM_Target_Genes_id_208,CACNB2,target
ETCM_Target_Genes_id_209,CACNB3,target
ETCM_Target_Genes_id_210,CACNB4,target
ETCM_Target_Genes_id_211,CACNG1,target
ETCM_Target_Genes_id_212,SLC25A20,target
ETCM_Target_Genes_id_213,CAD,target
ETCM_Target_Genes_id_214,S100G,target
ETCM_Target_Genes_id_215,CALCA,target
ETCM_Target_Genes_id_216,CALM1,target
ETCM_Target_Genes_id_217,CALR,target
ETCM_Target_Genes_id_218,CAMK4,target
ETCM_Target_Genes_id_219,CAMK2A,target
ETCM_Target_Genes_id_220,CAMK2D,target
ETCM_Target_Genes_id_221,CAMK2G,target
ETCM_Target_Genes_id_222,CAMLG,target
ETCM_Target_Genes_id_223,CAMP,target
ETCM_Target_Genes_id_224,CAPN1,target
ETCM_Target_Genes_id_225,CARS,target
ETCM_Target_Genes_id_226,CASP1,target
ETCM_Target_Genes_id_227,CASP3,target
ETCM_Target_Genes_id_228,CASP7,target
ETCM_Target_Genes_id_229,CASR,target
ETCM_Target_Genes_id_230,CAT,target
ETCM_Target_Genes_id_231,SERPINA6,target
ETCM_Target_Genes_id_232,CBR1,target
ETCM_Target_Genes_id_233,CBR3,target
ETCM_Target_Genes_id_234,CBS,target
ETCM_Target_Genes_id_235,CCBL1,target
ETCM_Target_Genes_id_236,CCKBR,target
ETCM_Target_Genes_id_237,CCNA2,target
ETCM_Target_Genes_id_238,CD1D,target
ETCM_Target_Genes_id_239,CD9,target
ETCM_Target_Genes_id_240,SCARB1,target
ETCM_Target_Genes_id_241,CDA,target
ETCM_Target_Genes_id_242,CDK1,target
ETCM_Target_Genes_id_243,CDC25B,target
ETCM_Target_Genes_id_244,CDC42,target
ETCM_Target_Genes_id_245,CDH5,target
ETCM_Target_Genes_id_246,CDK2,target
ETCM_Target_Genes_id_247,CDK4,target
ETCM_Target_Genes_id_248,CDK5,target
ETCM_Target_Genes_id_249,CDK6,target
ETCM_Target_Genes_id_250,CDK7,target
ETCM_Target_Genes_id_251,CDK8,target
ETCM_Target_Genes_id_252,CDK9,target
ETCM_Target_Genes_id_253,CDO1,target
ETCM_Target_Genes_id_254,CEBPB,target
ETCM_Target_Genes_id_255,CEL,target
ETCM_Target_Genes_id_256,CES1,target
ETCM_Target_Genes_id_257,CFTR,target
ETCM_Target_Genes_id_258,CHAT,target
ETCM_Target_Genes_id_259,CHD1,target
ETCM_Target_Genes_id_260,AKR1C4,target
ETCM_Target_Genes_id_261,CHEK1,target
ETCM_Target_Genes_id_262,CHIT1,target
ETCM_Target_Genes_id_263,CHKA,target
ETCM_Target_Genes_id_264,CHKB,target
ETCM_Target_Genes_id_265,CHRM1,target
ETCM_Target_Genes_id_266,CHRM2,target
ETCM_Target_Genes_id_267,CHRM3,target
ETCM_Target_Genes_id_268,CHRM4,target
ETCM_Target_Genes_id_269,CHRM5,target
ETCM_Target_Genes_id_270,CHRNA1,target
ETCM_Target_Genes_id_271,CHRNA2,target
ETCM_Target_Genes_id_272,CHRNA3,target
ETCM_Target_Genes_id_273,CHRNA4,target
ETCM_Target_Genes_id_274,CHRNA5,target
ETCM_Target_Genes_id_275,CHRNA7,target
ETCM_Target_Genes_id_276,CHRNB1,target
ETCM_Target_Genes_id_277,CHRNB2,target
ETCM_Target_Genes_id_278,CHRNB3,target
ETCM_Target_Genes_id_279,CHRNB4,target
ETCM_Target_Genes_id_280,CHRND,target
ETCM_Target_Genes_id_281,CHRNE,target
ETCM_Target_Genes_id_282,CHRNG,target
ETCM_Target_Genes_id_283,CHUK,target
ETCM_Target_Genes_id_284,CKB,target
ETCM_Target_Genes_id_285,CKM,target
ETCM_Target_Genes_id_286,CKMT2,target
ETCM_Target_Genes_id_287,CKS1B,target
ETCM_Target_Genes_id_288,CLC,target
ETCM_Target_Genes_id_289,CLCN2,target
ETCM_Target_Genes_id_290,CLPS,target
ETCM_Target_Genes_id_291,CMA1,target
ETCM_Target_Genes_id_292,CCR5,target
ETCM_Target_Genes_id_293,ABCC2,target
ETCM_Target_Genes_id_294,CNGA1,target
ETCM_Target_Genes_id_295,CNR1,target
ETCM_Target_Genes_id_296,CNR2,target
ETCM_Target_Genes_id_297,COL1A1,target
ETCM_Target_Genes_id_298,COMT,target
ETCM_Target_Genes_id_299,SLC31A1,target
ETCM_Target_Genes_id_300,COX4I1,target
ETCM_Target_Genes_id_301,COX5B,target
ETCM_Target_Genes_id_302,COX6A2,target
ETCM_Target_Genes_id_303,COX6B1,target
ETCM_Target_Genes_id_304,COX6C,target
ETCM_Target_Genes_id_305,COX7A1,target
ETCM_Target_Genes_id_306,COX7B,target
ETCM_Target_Genes_id_307,COX7C,target
ETCM_Target_Genes_id_308,COX8A,target
ETCM_Target_Genes_id_309,CPA1,target
ETCM_Target_Genes_id_310,CPB1,target
ETCM_Target_Genes_id_311,CPD,target
ETCM_Target_Genes_id_312,CPS1,target
ETCM_Target_Genes_id_313,CPT1A,target
ETCM_Target_Genes_id_314,CPT2,target
ETCM_Target_Genes_id_315,CRABP1,target
ETCM_Target_Genes_id_316,CRABP2,target
ETCM_Target_Genes_id_317,CRAT,target
ETCM_Target_Genes_id_318,CREB1,target
ETCM_Target_Genes_id_319,ATF2,target
ETCM_Target_Genes_id_320,CREBBP,target
ETCM_Target_Genes_id_321,CRH,target
ETCM_Target_Genes_id_322,CRP,target
ETCM_Target_Genes_id_323,CRYZ,target
ETCM_Target_Genes_id_324,CS,target
ETCM_Target_Genes_id_325,MAPK14,target
ETCM_Target_Genes_id_326,CSF1R,target
ETCM_Target_Genes_id_327,CSK,target
ETCM_Target_Genes_id_328,CSNK1G2,target
ETCM_Target_Genes_id_329,CSNK1G3,target
ETCM_Target_Genes_id_330,CSNK2A1,target
ETCM_Target_Genes_id_331,CSNK2B,target
ETCM_Target_Genes_id_332,NCAN,target
ETCM_Target_Genes_id_333,SLC25A10,target
ETCM_Target_Genes_id_334,CTBP1,target
ETCM_Target_Genes_id_335,CTH,target
ETCM_Target_Genes_id_336,CTNS,target
ETCM_Target_Genes_id_337,CTNNB1,target
ETCM_Target_Genes_id_338,CTRB1,target
ETCM_Target_Genes_id_339,CTSB,target
ETCM_Target_Genes_id_340,CTSD,target
ETCM_Target_Genes_id_341,CTSG,target
ETCM_Target_Genes_id_342,CTSH,target
ETCM_Target_Genes_id_343,CTSK,target
ETCM_Target_Genes_id_344,CTSS,target
ETCM_Target_Genes_id_345,CYBA,target
ETCM_Target_Genes_id_346,CYBB,target
ETCM_Target_Genes_id_347,CYC1,target
ETCM_Target_Genes_id_348,CYP1A1,target
ETCM_Target_Genes_id_349,CYP1A2,target
ETCM_Target_Genes_id_350,CYP1B1,target
ETCM_Target_Genes_id_351,CYP2A6,target
ETCM_Target_Genes_id_352,CYP3A7,target
ETCM_Target_Genes_id_353,CYP2A13,target
ETCM_Target_Genes_id_354,CYP2B6,target
ETCM_Target_Genes_id_355,CYP2C19,target
ETCM_Target_Genes_id_356,CYP2C8,target
ETCM_Target_Genes_id_357,CYP2C9,target
ETCM_Target_Genes_id_358,CYP2C18,target
ETCM_Target_Genes_id_359,CYP2D6,target
ETCM_Target_Genes_id_360,CYP2E1,target
ETCM_Target_Genes_id_361,CYP2J2,target
ETCM_Target_Genes_id_362,CYP3A4,target
ETCM_Target_Genes_id_363,CYP3A5,target
ETCM_Target_Genes_id_364,CYP4A11,target
ETCM_Target_Genes_id_365,CYP4B1,target
ETCM_Target_Genes_id_366,CYP11A1,target
ETCM_Target_Genes_id_367,CYP11B1,target
ETCM_Target_Genes_id_368,CYP11B2,target
ETCM_Target_Genes_id_369,CYP17A1,target
ETCM_Target_Genes_id_370,CYP19A1,target
ETCM_Target_Genes_id_371,CYP21A2,target
ETCM_Target_Genes_id_372,CYP24A1,target
ETCM_Target_Genes_id_373,CYP26A1,target
ETCM_Target_Genes_id_374,CYP27A1,target
ETCM_Target_Genes_id_375,CYP27B1,target
ETCM_Target_Genes_id_376,CYP51A1,target
ETCM_Target_Genes_id_377,DGKA,target
ETCM_Target_Genes_id_378,DGKG,target
ETCM_Target_Genes_id_379,DAO,target
ETCM_Target_Genes_id_380,DAPK1,target
ETCM_Target_Genes_id_381,DAPK3,target
ETCM_Target_Genes_id_382,DARS,target
ETCM_Target_Genes_id_383,DBH,target
ETCM_Target_Genes_id_384,DBI,target
ETCM_Target_Genes_id_385,ECI1,target
ETCM_Target_Genes_id_386,DCK,target
ETCM_Target_Genes_id_387,DCN,target
ETCM_Target_Genes_id_388,DCTD,target
ETCM_Target_Genes_id_389,ACE,target
ETCM_Target_Genes_id_390,DDC,target
ETCM_Target_Genes_id_391,AKR1C1,target
ETCM_Target_Genes_id_392,AKR1C2,target
ETCM_Target_Genes_id_393,DDX6,target
ETCM_Target_Genes_id_394,DECR1,target
ETCM_Target_Genes_id_395,CFD,target
ETCM_Target_Genes_id_396,DGUOK,target
ETCM_Target_Genes_id_397,DHCR7,target
ETCM_Target_Genes_id_398,DHFR,target
ETCM_Target_Genes_id_399,DHODH,target
ETCM_Target_Genes_id_400,DHPS,target
ETCM_Target_Genes_id_401,CYB5R3,target
ETCM_Target_Genes_id_402,NQO1,target
ETCM_Target_Genes_id_403,DLAT,target
ETCM_Target_Genes_id_404,DLD,target
ETCM_Target_Genes_id_405,DLG4,target
ETCM_Target_Genes_id_406,DMPK,target
ETCM_Target_Genes_id_407,DNMT1,target
ETCM_Target_Genes_id_408,TRDMT1,target
ETCM_Target_Genes_id_409,DNTT,target
ETCM_Target_Genes_id_410,DPEP1,target
ETCM_Target_Genes_id_411,DPP4,target
ETCM_Target_Genes_id_412,DPYD,target
ETCM_Target_Genes_id_413,DRD1,target
ETCM_Target_Genes_id_414,DRD2,target
ETCM_Target_Genes_id_415,DRD3,target
ETCM_Target_Genes_id_416,DRD4,target
ETCM_Target_Genes_id_417,RCAN1,target
ETCM_Target_Genes_id_418,DTYMK,target
ETCM_Target_Genes_id_419,DUT,target
ETCM_Target_Genes_id_420,DYRK1A,target
ETCM_Target_Genes_id_421,ECE1,target
ETCM_Target_Genes_id_422,TYMP,target
ETCM_Target_Genes_id_423,ECHS1,target
ETCM_Target_Genes_id_424,EDA,target
ETCM_Target_Genes_id_425,EDNRA,target
ETCM_Target_Genes_id_426,EDNRB,target
ETCM_Target_Genes_id_427,EEF1A1,target
ETCM_Target_Genes_id_428,EEF2,target
ETCM_Target_Genes_id_429,EGF,target
ETCM_Target_Genes_id_430,EGFR,target
ETCM_Target_Genes_id_431,EHHADH,target
ETCM_Target_Genes_id_432,EIF2S3,target
ETCM_Target_Genes_id_433,EPHA2,target
ETCM_Target_Genes_id_434,EIF4E,target
ETCM_Target_Genes_id_435,CELA1,target
ETCM_Target_Genes_id_436,ELANE,target
ETCM_Target_Genes_id_437,EN2,target
ETCM_Target_Genes_id_438,ENO2,target
ETCM_Target_Genes_id_439,ENO3,target
ETCM_Target_Genes_id_440,ENPEP,target
ETCM_Target_Genes_id_441,SLC29A1,target
ETCM_Target_Genes_id_442,EPHA5,target
ETCM_Target_Genes_id_443,EPHB2,target
ETCM_Target_Genes_id_444,EPHB4,target
ETCM_Target_Genes_id_445,EPHX2,target
ETCM_Target_Genes_id_446,EPOR,target
ETCM_Target_Genes_id_447,EPRS,target
ETCM_Target_Genes_id_448,ERBB2,target
ETCM_Target_Genes_id_449,ERBB4,target
ETCM_Target_Genes_id_450,ERN1,target
ETCM_Target_Genes_id_451,ESD,target
ETCM_Target_Genes_id_452,ESR1,target
ETCM_Target_Genes_id_453,ESR2,target
ETCM_Target_Genes_id_454,ESRRA,target
ETCM_Target_Genes_id_455,ESRRB,target
ETCM_Target_Genes_id_456,ESRRG,target
ETCM_Target_Genes_id_457,ETFDH,target
ETCM_Target_Genes_id_458,EXTL2,target
ETCM_Target_Genes_id_459,F2,target
ETCM_Target_Genes_id_460,F3,target
ETCM_Target_Genes_id_461,F7,target
ETCM_Target_Genes_id_462,F9,target
ETCM_Target_Genes_id_463,F10,target
ETCM_Target_Genes_id_464,F11,target
ETCM_Target_Genes_id_465,F12,target
ETCM_Target_Genes_id_466,F13A1,target
ETCM_Target_Genes_id_467,FAAH,target
ETCM_Target_Genes_id_468,FABP4,target
ETCM_Target_Genes_id_469,FABP1,target
ETCM_Target_Genes_id_470,FABP2,target
ETCM_Target_Genes_id_471,FABP3,target
ETCM_Target_Genes_id_472,FABP5,target
ETCM_Target_Genes_id_473,FABP6,target
ETCM_Target_Genes_id_474,FABP7,target
ETCM_Target_Genes_id_475,ACSL1,target
ETCM_Target_Genes_id_476,ACSL3,target
ETCM_Target_Genes_id_477,ACSL4,target
ETCM_Target_Genes_id_478,FAH,target
ETCM_Target_Genes_id_479,PTK2B,target
ETCM_Target_Genes_id_480,FARSA,target
ETCM_Target_Genes_id_481,FASN,target
ETCM_Target_Genes_id_482,FBP1,target
ETCM_Target_Genes_id_483,FCER1A,target
ETCM_Target_Genes_id_484,FCER1G,target
ETCM_Target_Genes_id_485,FCGR1A,target
ETCM_Target_Genes_id_486,FDPS,target
ETCM_Target_Genes_id_487,FDXR,target
ETCM_Target_Genes_id_488,FECH,target
ETCM_Target_Genes_id_489,FGA,target
ETCM_Target_Genes_id_490,FGB,target
ETCM_Target_Genes_id_491,FGF1,target
ETCM_Target_Genes_id_492,FGF2,target
ETCM_Target_Genes_id_493,FGF4,target
ETCM_Target_Genes_id_494,FGFR1,target
ETCM_Target_Genes_id_495,FGFR3,target
ETCM_Target_Genes_id_496,FGFR2,target
ETCM_Target_Genes_id_497,FGFR4,target
ETCM_Target_Genes_id_498,FGG,target
ETCM_Target_Genes_id_499,FGR,target
ETCM_Target_Genes_id_500,FHIT,target
ETCM_Target_Genes_id_501,FKBP1A,target
ETCM_Target_Genes_id_502,FLT1,target
ETCM_Target_Genes_id_503,FLT3,target
ETCM_Target_Genes_id_504,FLT4,target
ETCM_Target_Genes_id_505,FMO1,target
ETCM_Target_Genes_id_506,FMO3,target
ETCM_Target_Genes_id_507,FNTA,target
ETCM_Target_Genes_id_508,FNTB,target
ETCM_Target_Genes_id_509,FOLH1,target
ETCM_Target_Genes_id_510,FOLR1,target
ETCM_Target_Genes_id_511,FOLR2,target
ETCM_Target_Genes_id_512,FOLR3,target
ETCM_Target_Genes_id_513,FOS,target
ETCM_Target_Genes_id_514,FPGS,target
ETCM_Target_Genes_id_515,FPR1,target
ETCM_Target_Genes_id_516,FRK,target
ETCM_Target_Genes_id_517,MTOR,target
ETCM_Target_Genes_id_518,NR5A1,target
ETCM_Target_Genes_id_519,FYN,target
ETCM_Target_Genes_id_520,G6PD,target
ETCM_Target_Genes_id_521,GAA,target
ETCM_Target_Genes_id_522,GABBR1,target
ETCM_Target_Genes_id_523,GABRA1,target
ETCM_Target_Genes_id_524,GABRA2,target
ETCM_Target_Genes_id_525,GABRA3,target
ETCM_Target_Genes_id_526,GABRA4,target
ETCM_Target_Genes_id_527,GABRA5,target
ETCM_Target_Genes_id_528,GABRA6,target
ETCM_Target_Genes_id_529,GABRB1,target
ETCM_Target_Genes_id_530,GABRB2,target
ETCM_Target_Genes_id_531,GABRB3,target
ETCM_Target_Genes_id_532,GABRD,target
ETCM_Target_Genes_id_533,GABRE,target
ETCM_Target_Genes_id_534,GABRG1,target
ETCM_Target_Genes_id_535,GABRG2,target
ETCM_Target_Genes_id_536,GABRG3,target
ETCM_Target_Genes_id_537,GABRP,target
ETCM_Target_Genes_id_538,GABRR1,target
ETCM_Target_Genes_id_539,GABRR2,target
ETCM_Target_Genes_id_540,GAD1,target
ETCM_Target_Genes_id_541,GAD2,target
ETCM_Target_Genes_id_542,GALE,target
ETCM_Target_Genes_id_543,GALK1,target
ETCM_Target_Genes_id_544,GALT,target
ETCM_Target_Genes_id_545,GAMT,target
ETCM_Target_Genes_id_546,GANC,target
ETCM_Target_Genes_id_547,GAPDH,target
ETCM_Target_Genes_id_548,GARS,target
ETCM_Target_Genes_id_549,GART,target
ETCM_Target_Genes_id_550,GATM,target
ETCM_Target_Genes_id_551,GBA,target
ETCM_Target_Genes_id_552,GC,target
ETCM_Target_Genes_id_553,GCDH,target
ETCM_Target_Genes_id_554,GCH1,target
ETCM_Target_Genes_id_555,GCK,target
ETCM_Target_Genes_id_556,KAT2A,target
ETCM_Target_Genes_id_557,GCSH,target
ETCM_Target_Genes_id_558,GFER,target
ETCM_Target_Genes_id_559,GGCX,target
ETCM_Target_Genes_id_560,GGT1,target
ETCM_Target_Genes_id_561,B4GALT1,target
ETCM_Target_Genes_id_562,GIF,target
ETCM_Target_Genes_id_563,GJA1,target
ETCM_Target_Genes_id_564,GCLC,target
ETCM_Target_Genes_id_565,GCLM,target
ETCM_Target_Genes_id_566,GLDC,target
ETCM_Target_Genes_id_567,GLO1,target
ETCM_Target_Genes_id_568,GLRA1,target
ETCM_Target_Genes_id_569,GLRA2,target
ETCM_Target_Genes_id_570,GLRB,target
ETCM_Target_Genes_id_571,GLS,target
ETCM_Target_Genes_id_572,GLRX,target
ETCM_Target_Genes_id_573,GLUD1,target
ETCM_Target_Genes_id_574,GLUD2,target
ETCM_Target_Genes_id_575,GLUL,target
ETCM_Target_Genes_id_576,GM2A,target
ETCM_Target_Genes_id_577,GMDS,target
ETCM_Target_Genes_id_578,GMPR,target
ETCM_Target_Genes_id_579,GNAI1,target
ETCM_Target_Genes_id_580,GNAS,target
ETCM_Target_Genes_id_581,GNAT1,target
ETCM_Target_Genes_id_582,GNRHR,target
ETCM_Target_Genes_id_583,GOT1,target
ETCM_Target_Genes_id_584,GOT2,target
ETCM_Target_Genes_id_585,GP9,target
ETCM_Target_Genes_id_586,GPD1,target
ETCM_Target_Genes_id_587,GPI,target
ETCM_Target_Genes_id_588,GPR18,target
ETCM_Target_Genes_id_589,MCHR1,target
ETCM_Target_Genes_id_590,MLNR,target
ETCM_Target_Genes_id_591,FFAR1,target
ETCM_Target_Genes_id_592,GPT,target
ETCM_Target_Genes_id_593,GPX1,target
ETCM_Target_Genes_id_594,GPX2,target
ETCM_Target_Genes_id_595,GPX3,target
ETCM_Target_Genes_id_596,GPX4,target
ETCM_Target_Genes_id_597,GPX5,target
ETCM_Target_Genes_id_598,GPX7,target
ETCM_Target_Genes_id_599,GRB2,target
ETCM_Target_Genes_id_600,GRIA1,target
ETCM_Target_Genes_id_601,GRIA2,target
ETCM_Target_Genes_id_602,GRIA3,target
ETCM_Target_Genes_id_603,GRIA4,target
ETCM_Target_Genes_id_604,GRID1,target
ETCM_Target_Genes_id_605,GRID2,target
ETCM_Target_Genes_id_606,GRIK1,target
ETCM_Target_Genes_id_607,GRIK2,target
ETCM_Target_Genes_id_608,GRIK3,target
ETCM_Target_Genes_id_609,GRIK4,target
ETCM_Target_Genes_id_610,GRIK5,target
ETCM_Target_Genes_id_611,GRIN1,target
ETCM_Target_Genes_id_612,GRIN2A,target
ETCM_Target_Genes_id_613,GRIN2B,target
ETCM_Target_Genes_id_614,GRIN2C,target
ETCM_Target_Genes_id_615,GRIN2D,target
ETCM_Target_Genes_id_616,NR3C1,target
ETCM_Target_Genes_id_617,GRM1,target
ETCM_Target_Genes_id_618,GRM4,target
ETCM_Target_Genes_id_619,GRM5,target
ETCM_Target_Genes_id_620,GRM7,target
ETCM_Target_Genes_id_621,GRM8,target
ETCM_Target_Genes_id_622,GSK3B,target
ETCM_Target_Genes_id_623,GSN,target
ETCM_Target_Genes_id_624,GSPT1,target
ETCM_Target_Genes_id_625,GSR,target
ETCM_Target_Genes_id_626,GSS,target
ETCM_Target_Genes_id_627,GSTA1,target
ETCM_Target_Genes_id_628,GSTA2,target
ETCM_Target_Genes_id_629,GSTA3,target
ETCM_Target_Genes_id_630,GSTA4,target
ETCM_Target_Genes_id_631,GSTM1,target
ETCM_Target_Genes_id_632,GSTM2,target
ETCM_Target_Genes_id_633,GSTM3,target
ETCM_Target_Genes_id_634,GSTM4,target
ETCM_Target_Genes_id_635,GSTP1,target
ETCM_Target_Genes_id_636,GSTT1,target
ETCM_Target_Genes_id_637,GSTT2,target
ETCM_Target_Genes_id_638,GSTZ1,target
ETCM_Target_Genes_id_639,GUCA1A,target
ETCM_Target_Genes_id_640,GUCY2C,target
ETCM_Target_Genes_id_641,GUK1,target
ETCM_Target_Genes_id_642,GYG1,target
ETCM_Target_Genes_id_643,HSD17B10,target
ETCM_Target_Genes_id_644,HAGH,target
ETCM_Target_Genes_id_645,HADHA,target
ETCM_Target_Genes_id_646,HADH,target
ETCM_Target_Genes_id_647,HAL,target
ETCM_Target_Genes_id_648,HARS,target
ETCM_Target_Genes_id_649,HBA1,target
ETCM_Target_Genes_id_650,HBB,target
ETCM_Target_Genes_id_651,SERPIND1,target
ETCM_Target_Genes_id_652,HCK,target
ETCM_Target_Genes_id_653,HCRT,target
ETCM_Target_Genes_id_654,HDAC1,target
ETCM_Target_Genes_id_655,HDAC2,target
ETCM_Target_Genes_id_656,HDC,target
ETCM_Target_Genes_id_657,HEXB,target
ETCM_Target_Genes_id_658,HGF,target
ETCM_Target_Genes_id_659,HIF1A,target
ETCM_Target_Genes_id_660,HINT1,target
ETCM_Target_Genes_id_661,HK1,target
ETCM_Target_Genes_id_662,HLA-A,target
ETCM_Target_Genes_id_663,HLA-B,target
ETCM_Target_Genes_id_664,HLCS,target
ETCM_Target_Genes_id_665,HMGB1,target
ETCM_Target_Genes_id_666,HMGCL,target
ETCM_Target_Genes_id_667,HMGCR,target
ETCM_Target_Genes_id_668,HMGCS1,target
ETCM_Target_Genes_id_669,HMOX1,target
ETCM_Target_Genes_id_670,HMOX2,target
ETCM_Target_Genes_id_671,HNF4A,target
ETCM_Target_Genes_id_672,HNF4G,target
ETCM_Target_Genes_id_673,HNMT,target
ETCM_Target_Genes_id_674,SLC29A2,target
ETCM_Target_Genes_id_675,HOXA10,target
ETCM_Target_Genes_id_676,HPD,target
ETCM_Target_Genes_id_677,HPGD,target
ETCM_Target_Genes_id_678,HPN,target
ETCM_Target_Genes_id_679,HPRT1,target
ETCM_Target_Genes_id_680,HPT,target
ETCM_Target_Genes_id_681,HRAS,target
ETCM_Target_Genes_id_682,HRH1,target
ETCM_Target_Genes_id_683,PRMT1,target
ETCM_Target_Genes_id_684,HSD3B1,target
ETCM_Target_Genes_id_685,HSD3B2,target
ETCM_Target_Genes_id_686,HSD11B1,target
ETCM_Target_Genes_id_687,HSD11B2,target
ETCM_Target_Genes_id_688,HSD17B1,target
ETCM_Target_Genes_id_689,HSD17B3,target
ETCM_Target_Genes_id_690,HSD17B2,target
ETCM_Target_Genes_id_691,HSD17B4,target
ETCM_Target_Genes_id_692,HSPA2,target
ETCM_Target_Genes_id_693,HSPA5,target
ETCM_Target_Genes_id_694,HSPA8,target
ETCM_Target_Genes_id_695,HSP90AA1,target
ETCM_Target_Genes_id_696,HSP90AB1,target
ETCM_Target_Genes_id_697,NDST1,target
ETCM_Target_Genes_id_698,HTR1A,target
ETCM_Target_Genes_id_699,HTR1B,target
ETCM_Target_Genes_id_700,HTR1D,target
ETCM_Target_Genes_id_701,HTR1E,target
ETCM_Target_Genes_id_702,HTR2A,target
ETCM_Target_Genes_id_703,HTR2B,target
ETCM_Target_Genes_id_704,HTR2C,target
ETCM_Target_Genes_id_705,HTR3A,target
ETCM_Target_Genes_id_706,HTR4,target
ETCM_Target_Genes_id_707,HTR6,target
ETCM_Target_Genes_id_708,IARS,target
ETCM_Target_Genes_id_709,IDE,target
ETCM_Target_Genes_id_710,IDH1,target
ETCM_Target_Genes_id_711,IDH2,target
ETCM_Target_Genes_id_712,IDH3A,target
ETCM_Target_Genes_id_713,IDH3B,target
ETCM_Target_Genes_id_714,IDH3G,target
ETCM_Target_Genes_id_715,IFNB1,target
ETCM_Target_Genes_id_716,IFNG,target
ETCM_Target_Genes_id_717,IGF1,target
ETCM_Target_Genes_id_718,IGF1R,target
ETCM_Target_Genes_id_719,IGF2R,target
ETCM_Target_Genes_id_720,IGFBP3,target
ETCM_Target_Genes_id_721,IGHG1,target
ETCM_Target_Genes_id_722,IGKC,target
ETCM_Target_Genes_id_723,IKBKB,target
ETCM_Target_Genes_id_724,IL1B,target
ETCM_Target_Genes_id_725,IL2,target
ETCM_Target_Genes_id_726,IL3,target
ETCM_Target_Genes_id_727,IL5,target
ETCM_Target_Genes_id_728,CXCR1,target
ETCM_Target_Genes_id_729,IL12B,target
ETCM_Target_Genes_id_730,IMPA1,target
ETCM_Target_Genes_id_731,IMPDH1,target
ETCM_Target_Genes_id_732,IMPDH2,target
ETCM_Target_Genes_id_733,INCENP,target
ETCM_Target_Genes_id_734,IDO1,target
ETCM_Target_Genes_id_735,INHA,target
ETCM_Target_Genes_id_736,CXCL10,target
ETCM_Target_Genes_id_737,INS,target
ETCM_Target_Genes_id_738,INPP5B,target
ETCM_Target_Genes_id_739,INSR,target
ETCM_Target_Genes_id_740,IRS1,target
ETCM_Target_Genes_id_741,ISG20,target
ETCM_Target_Genes_id_742,ITGA2B,target
ETCM_Target_Genes_id_743,ITGA5,target
ETCM_Target_Genes_id_744,ITGAL,target
ETCM_Target_Genes_id_745,ITGB2,target
ETCM_Target_Genes_id_746,ITGB3,target
ETCM_Target_Genes_id_747,ITK,target
ETCM_Target_Genes_id_748,ITPA,target
ETCM_Target_Genes_id_749,ITPKA,target
ETCM_Target_Genes_id_750,ITPR1,target
ETCM_Target_Genes_id_751,ITPR2,target
ETCM_Target_Genes_id_752,ITPR3,target
ETCM_Target_Genes_id_753,IVD,target
ETCM_Target_Genes_id_754,JAK1,target
ETCM_Target_Genes_id_755,JAK2,target
ETCM_Target_Genes_id_756,JAK3,target
ETCM_Target_Genes_id_757,JUN,target
ETCM_Target_Genes_id_758,KARS,target
ETCM_Target_Genes_id_759,KCNA1,target
ETCM_Target_Genes_id_760,KCNA2,target
ETCM_Target_Genes_id_761,KCNA3,target
ETCM_Target_Genes_id_762,KCNA4,target
ETCM_Target_Genes_id_763,KCNA5,target
ETCM_Target_Genes_id_764,KCNA6,target
ETCM_Target_Genes_id_765,KCNA7,target
ETCM_Target_Genes_id_766,KCNA10,target
ETCM_Target_Genes_id_767,KCNB1,target
ETCM_Target_Genes_id_768,KCNC1,target
ETCM_Target_Genes_id_769,KCNC2,target
ETCM_Target_Genes_id_770,KCNC3,target
ETCM_Target_Genes_id_771,KCNC4,target
ETCM_Target_Genes_id_772,KCND1,target
ETCM_Target_Genes_id_773,KCND2,target
ETCM_Target_Genes_id_774,KCND3,target
ETCM_Target_Genes_id_775,KCNH1,target
ETCM_Target_Genes_id_776,KCNH2,target
ETCM_Target_Genes_id_777,KCNJ1,target
ETCM_Target_Genes_id_778,KCNJ3,target
ETCM_Target_Genes_id_779,KCNJ5,target
ETCM_Target_Genes_id_780,KCNJ6,target
ETCM_Target_Genes_id_781,KCNJ8,target
ETCM_Target_Genes_id_782,KCNJ9,target
ETCM_Target_Genes_id_783,KCNJ10,target
ETCM_Target_Genes_id_784,KCNJ11,target
ETCM_Target_Genes_id_785,KCNJ12,target
ETCM_Target_Genes_id_786,KCNJ14,target
ETCM_Target_Genes_id_787,KCNJ15,target
ETCM_Target_Genes_id_788,KCNK1,target
ETCM_Target_Genes_id_789,KCNK2,target
ETCM_Target_Genes_id_790,KCNK3,target
ETCM_Target_Genes_id_791,KCNMA1,target
ETCM_Target_Genes_id_792,KCNN4,target
ETCM_Target_Genes_id_793,KCNQ1,target
ETCM_Target_Genes_id_794,KCNQ2,target
ETCM_Target_Genes_id_795,KCNQ3,target
ETCM_Target_Genes_id_796,KDR,target
ETCM_Target_Genes_id_797,KEL,target
ETCM_Target_Genes_id_798,KIT,target
ETCM_Target_Genes_id_799,KLK1,target
ETCM_Target_Genes_id_800,KIF11,target
ETCM_Target_Genes_id_801,KRAS,target
ETCM_Target_Genes_id_802,KRT7,target
ETCM_Target_Genes_id_803,KRT12,target
ETCM_Target_Genes_id_804,L1CAM,target
ETCM_Target_Genes_id_805,LCK,target
ETCM_Target_Genes_id_806,LCN1,target
ETCM_Target_Genes_id_807,LCN2,target
ETCM_Target_Genes_id_808,LCT,target
ETCM_Target_Genes_id_809,LDHA,target
ETCM_Target_Genes_id_810,LDHB,target
ETCM_Target_Genes_id_811,LDHC,target
ETCM_Target_Genes_id_812,LDLR,target
ETCM_Target_Genes_id_813,LGALS1,target
ETCM_Target_Genes_id_814,LGALS2,target
ETCM_Target_Genes_id_815,LGALS3,target
ETCM_Target_Genes_id_816,LGALS7,target
ETCM_Target_Genes_id_817,LGALS9,target
ETCM_Target_Genes_id_818,LHCGR,target
ETCM_Target_Genes_id_819,LIG1,target
ETCM_Target_Genes_id_820,LIG3,target
ETCM_Target_Genes_id_821,FADS1,target
ETCM_Target_Genes_id_822,LPA,target
ETCM_Target_Genes_id_823,LPL,target
ETCM_Target_Genes_id_824,LRP2,target
ETCM_Target_Genes_id_825,LSS,target
ETCM_Target_Genes_id_826,LTA4H,target
ETCM_Target_Genes_id_827,LTF,target
ETCM_Target_Genes_id_828,LYN,target
ETCM_Target_Genes_id_829,LYZ,target
ETCM_Target_Genes_id_830,M6PR,target
ETCM_Target_Genes_id_831,SMAD2,target
ETCM_Target_Genes_id_832,MAF,target
ETCM_Target_Genes_id_833,MAN2A1,target
ETCM_Target_Genes_id_834,MAOA,target
ETCM_Target_Genes_id_835,MAOB,target
ETCM_Target_Genes_id_836,MAP1A,target
ETCM_Target_Genes_id_837,MAP2,target
ETCM_Target_Genes_id_838,MAP4,target
ETCM_Target_Genes_id_839,MAPT,target
ETCM_Target_Genes_id_840,MARS,target
ETCM_Target_Genes_id_841,MAT1A,target
ETCM_Target_Genes_id_842,MAT2A,target
ETCM_Target_Genes_id_843,MB,target
ETCM_Target_Genes_id_844,MBL2,target
ETCM_Target_Genes_id_845,MC1R,target
ETCM_Target_Genes_id_846,MDH1,target
ETCM_Target_Genes_id_847,MDH2,target
ETCM_Target_Genes_id_848,MDM2,target
ETCM_Target_Genes_id_849,ME1,target
ETCM_Target_Genes_id_850,ME2,target
ETCM_Target_Genes_id_851,MET,target
ETCM_Target_Genes_id_852,MGAT1,target
ETCM_Target_Genes_id_853,MGMT,target
ETCM_Target_Genes_id_854,MGST1,target
ETCM_Target_Genes_id_855,MGST2,target
ETCM_Target_Genes_id_856,MGST3,target
ETCM_Target_Genes_id_857,MIF,target
ETCM_Target_Genes_id_858,MAP3K9,target
ETCM_Target_Genes_id_859,NR3C2,target
ETCM_Target_Genes_id_860,MME,target
ETCM_Target_Genes_id_861,MMP1,target
ETCM_Target_Genes_id_862,MMP2,target
ETCM_Target_Genes_id_863,MMP3,target
ETCM_Target_Genes_id_864,MMP7,target
ETCM_Target_Genes_id_865,MMP8,target
ETCM_Target_Genes_id_866,MMP9,target
ETCM_Target_Genes_id_867,MMP10,target
ETCM_Target_Genes_id_868,MMP11,target
ETCM_Target_Genes_id_869,MMP12,target
ETCM_Target_Genes_id_870,MMP13,target
ETCM_Target_Genes_id_871,ALDH6A1,target
ETCM_Target_Genes_id_872,MPL,target
ETCM_Target_Genes_id_873,MPO,target
ETCM_Target_Genes_id_874,ABCC1,target
ETCM_Target_Genes_id_875,MSRA,target
ETCM_Target_Genes_id_876,MT1A,target
ETCM_Target_Genes_id_877,MT2A,target
ETCM_Target_Genes_id_878,MTAP,target
ETCM_Target_Genes_id_879,MTHFD1,target
ETCM_Target_Genes_id_880,MTHFR,target
ETCM_Target_Genes_id_881,MTNR1A,target
ETCM_Target_Genes_id_882,MTNR1B,target
ETCM_Target_Genes_id_883,MTTP,target
ETCM_Target_Genes_id_884,MTR,target
ETCM_Target_Genes_id_885,MTRR,target
ETCM_Target_Genes_id_886,MUC2,target
ETCM_Target_Genes_id_887,MUT,target
ETCM_Target_Genes_id_888,MYH7,target
ETCM_Target_Genes_id_889,NAGA,target
ETCM_Target_Genes_id_890,NAGLU,target
ETCM_Target_Genes_id_891,NARS,target
ETCM_Target_Genes_id_892,NCF2,target
ETCM_Target_Genes_id_893,NCF4,target
ETCM_Target_Genes_id_894,NDUFA1,target
ETCM_Target_Genes_id_895,NDUFA2,target
ETCM_Target_Genes_id_896,NDUFA3,target
ETCM_Target_Genes_id_897,NDUFA4,target
ETCM_Target_Genes_id_898,NDUFA5,target
ETCM_Target_Genes_id_899,NDUFA6,target
ETCM_Target_Genes_id_900,NDUFA7,target
ETCM_Target_Genes_id_901,NDUFA8,target
ETCM_Target_Genes_id_902,NDUFA9,target
ETCM_Target_Genes_id_903,NDUFA10,target
ETCM_Target_Genes_id_904,NDUFAB1,target
ETCM_Target_Genes_id_905,NDUFB1,target
ETCM_Target_Genes_id_906,NDUFB2,target
ETCM_Target_Genes_id_907,NDUFB3,target
ETCM_Target_Genes_id_908,NDUFB4,target
ETCM_Target_Genes_id_909,NDUFB5,target
ETCM_Target_Genes_id_910,NDUFB6,target
ETCM_Target_Genes_id_911,NDUFB7,target
ETCM_Target_Genes_id_912,NDUFB8,target
ETCM_Target_Genes_id_913,NDUFB9,target
ETCM_Target_Genes_id_914,NDUFB10,target
ETCM_Target_Genes_id_915,NDUFC1,target
ETCM_Target_Genes_id_916,NDUFC2,target
ETCM_Target_Genes_id_917,NDUFS1,target
ETCM_Target_Genes_id_918,NDUFS2,target
ETCM_Target_Genes_id_919,NDUFS3,target
ETCM_Target_Genes_id_920,NDUFV1,target
ETCM_Target_Genes_id_921,NDUFS4,target
ETCM_Target_Genes_id_922,NDUFS5,target
ETCM_Target_Genes_id_923,NDUFS6,target
ETCM_Target_Genes_id_924,NDUFS8,target
ETCM_Target_Genes_id_925,NDUFV2,target
ETCM_Target_Genes_id_926,NDUFV3,target
ETCM_Target_Genes_id_927,NEK2,target
ETCM_Target_Genes_id_928,NEU1,target
ETCM_Target_Genes_id_929,NFATC1,target
ETCM_Target_Genes_id_930,NFKB1,target
ETCM_Target_Genes_id_931,NFKB2,target
ETCM_Target_Genes_id_932,NFKBIA,target
ETCM_Target_Genes_id_933,NGF,target
ETCM_Target_Genes_id_934,NME1,target
ETCM_Target_Genes_id_935,NME2,target
ETCM_Target_Genes_id_936,NQO2,target
ETCM_Target_Genes_id_937,NMT1,target
ETCM_Target_Genes_id_938,NNMT,target
ETCM_Target_Genes_id_939,NOS1,target
ETCM_Target_Genes_id_940,NOS2,target
ETCM_Target_Genes_id_941,NOS3,target
ETCM_Target_Genes_id_942,NPY,target
ETCM_Target_Genes_id_943,PNP,target
ETCM_Target_Genes_id_944,NPPB,target
ETCM_Target_Genes_id_945,NPR1,target
ETCM_Target_Genes_id_946,NPR2,target
ETCM_Target_Genes_id_947,NPY2R,target
ETCM_Target_Genes_id_948,NSF,target
ETCM_Target_Genes_id_949,NT5E,target
ETCM_Target_Genes_id_950,NTRK1,target
ETCM_Target_Genes_id_951,OAS1,target
ETCM_Target_Genes_id_952,OAT,target
ETCM_Target_Genes_id_953,OAZ1,target
ETCM_Target_Genes_id_954,OAZ2,target
ETCM_Target_Genes_id_955,ODC1,target
ETCM_Target_Genes_id_956,OGDH,target
ETCM_Target_Genes_id_957,OPRD1,target
ETCM_Target_Genes_id_958,OPRK1,target
ETCM_Target_Genes_id_959,OPRL1,target
ETCM_Target_Genes_id_960,OPRM1,target
ETCM_Target_Genes_id_961,ORM1,target
ETCM_Target_Genes_id_962,ORM2,target
ETCM_Target_Genes_id_963,OTC,target
ETCM_Target_Genes_id_964,OXCT1,target
ETCM_Target_Genes_id_965,OXTR,target
ETCM_Target_Genes_id_966,P2RY2,target
ETCM_Target_Genes_id_967,P2RY11,target
ETCM_Target_Genes_id_968,P4HA1,target
ETCM_Target_Genes_id_969,P4HB,target
ETCM_Target_Genes_id_970,FURIN,target
ETCM_Target_Genes_id_971,PAEP,target
ETCM_Target_Genes_id_972,PAH,target
ETCM_Target_Genes_id_973,SERPINE1,target
ETCM_Target_Genes_id_974,PAM,target
ETCM_Target_Genes_id_975,PC,target
ETCM_Target_Genes_id_976,PCBD1,target
ETCM_Target_Genes_id_977,PCCA,target
ETCM_Target_Genes_id_978,PCCB,target
ETCM_Target_Genes_id_979,SERPINA5,target
ETCM_Target_Genes_id_980,PCK1,target
ETCM_Target_Genes_id_981,PCMT1,target
ETCM_Target_Genes_id_982,PCNA,target
ETCM_Target_Genes_id_983,CDK16,target
ETCM_Target_Genes_id_984,PCYT1A,target
ETCM_Target_Genes_id_985,PDC,target
ETCM_Target_Genes_id_986,PDE1A,target
ETCM_Target_Genes_id_987,PDE1C,target
ETCM_Target_Genes_id_988,PDE2A,target
ETCM_Target_Genes_id_989,PDE3A,target
ETCM_Target_Genes_id_990,PDE3B,target
ETCM_Target_Genes_id_991,PDE4A,target
ETCM_Target_Genes_id_992,PDE4B,target
ETCM_Target_Genes_id_993,PDE4C,target
ETCM_Target_Genes_id_994,PDE4D,target
ETCM_Target_Genes_id_995,PDE6A,target
ETCM_Target_Genes_id_996,PDE6C,target
ETCM_Target_Genes_id_997,PDE6G,target
ETCM_Target_Genes_id_998,PDE7A,target
ETCM_Target_Genes_id_999,PDE8A,target
ETCM_Target_Genes_id_1000,PDE9A,target
ETCM_Target_Genes_id_1001,PDE1B,target
ETCM_Target_Genes_id_1002,PDGFRA,target
ETCM_Target_Genes_id_1003,PDE6B,target
ETCM_Target_Genes_id_1004,PDGFRB,target
ETCM_Target_Genes_id_1005,PDHA1,target
ETCM_Target_Genes_id_1006,PDHA2,target
ETCM_Target_Genes_id_1007,PDHB,target
ETCM_Target_Genes_id_1008,PDK1,target
ETCM_Target_Genes_id_1009,PDK2,target
ETCM_Target_Genes_id_1010,PDK3,target
ETCM_Target_Genes_id_1011,PDK4,target
ETCM_Target_Genes_id_1012,ENPP1,target
ETCM_Target_Genes_id_1013,PDPK1,target
ETCM_Target_Genes_id_1014,PFAS,target
ETCM_Target_Genes_id_1015,PFKFB1,target
ETCM_Target_Genes_id_1016,PFKFB4,target
ETCM_Target_Genes_id_1017,PFN1,target
ETCM_Target_Genes_id_1018,PFN2,target
ETCM_Target_Genes_id_1019,PGAM2,target
ETCM_Target_Genes_id_1020,PGD,target
ETCM_Target_Genes_id_1021,PGGT1B,target
ETCM_Target_Genes_id_1022,PGK1,target
ETCM_Target_Genes_id_1023,PGM1,target
ETCM_Target_Genes_id_1024,PGR,target
ETCM_Target_Genes_id_1025,ABCB1,target
ETCM_Target_Genes_id_1026,ABCB4,target
ETCM_Target_Genes_id_1027,PHYH,target
ETCM_Target_Genes_id_1028,SERPINA1,target
ETCM_Target_Genes_id_1029,SERPINB5,target
ETCM_Target_Genes_id_1030,SERPINB9,target
ETCM_Target_Genes_id_1031,PIK3C3,target
ETCM_Target_Genes_id_1032,PIK3CA,target
ETCM_Target_Genes_id_1033,PIK3CB,target
ETCM_Target_Genes_id_1034,PIM1,target
ETCM_Target_Genes_id_1035,PIK3CD,target
ETCM_Target_Genes_id_1036,PIK3CG,target
ETCM_Target_Genes_id_1037,PIK3R1,target
ETCM_Target_Genes_id_1038,PIK3R2,target
ETCM_Target_Genes_id_1039,PIN1,target
ETCM_Target_Genes_id_1040,PITPNA,target
ETCM_Target_Genes_id_1041,PKLR,target
ETCM_Target_Genes_id_1042,PLA2G1B,target
ETCM_Target_Genes_id_1043,PLA2G2A,target
ETCM_Target_Genes_id_1044,PLA2G4A,target
ETCM_Target_Genes_id_1045,PLAT,target
ETCM_Target_Genes_id_1046,PLAU,target
ETCM_Target_Genes_id_1047,PLCD1,target
ETCM_Target_Genes_id_1048,PLCL1,target
ETCM_Target_Genes_id_1049,PLD1,target
ETCM_Target_Genes_id_1050,PLD2,target
ETCM_Target_Genes_id_1051,PLG,target
ETCM_Target_Genes_id_1052,PLK1,target
ETCM_Target_Genes_id_1053,PLOD1,target
ETCM_Target_Genes_id_1054,PLOD2,target
ETCM_Target_Genes_id_1055,PMP2,target
ETCM_Target_Genes_id_1056,PMS2,target
ETCM_Target_Genes_id_1057,PNLIP,target
ETCM_Target_Genes_id_1058,PNMT,target
ETCM_Target_Genes_id_1059,POLA1,target
ETCM_Target_Genes_id_1060,POLB,target
ETCM_Target_Genes_id_1061,POLE,target
ETCM_Target_Genes_id_1062,POLE2,target
ETCM_Target_Genes_id_1063,POMC,target
ETCM_Target_Genes_id_1064,PON3,target
ETCM_Target_Genes_id_1065,POR,target
ETCM_Target_Genes_id_1066,POU5F1,target
ETCM_Target_Genes_id_1067,PPARA,target
ETCM_Target_Genes_id_1068,PPARD,target
ETCM_Target_Genes_id_1069,PPARG,target
ETCM_Target_Genes_id_1070,MED1,target
ETCM_Target_Genes_id_1071,PPAT,target
ETCM_Target_Genes_id_1072,PPBP,target
ETCM_Target_Genes_id_1073,CTSA,target
ETCM_Target_Genes_id_1074,PPIA,target
ETCM_Target_Genes_id_1075,PPIB,target
ETCM_Target_Genes_id_1076,PPIC,target
ETCM_Target_Genes_id_1077,PPP1CA,target
ETCM_Target_Genes_id_1078,PPP1CC,target
ETCM_Target_Genes_id_1079,PPP2CA,target
ETCM_Target_Genes_id_1080,PPP2CB,target
ETCM_Target_Genes_id_1081,PPP2R1A,target
ETCM_Target_Genes_id_1082,PPP2R2A,target
ETCM_Target_Genes_id_1083,PPP2R5C,target
ETCM_Target_Genes_id_1084,PPP3CA,target
ETCM_Target_Genes_id_1085,PPP3R1,target
ETCM_Target_Genes_id_1086,PPP3R2,target
ETCM_Target_Genes_id_1087,PPP5C,target
ETCM_Target_Genes_id_1088,PPT1,target
ETCM_Target_Genes_id_1089,PREP,target
ETCM_Target_Genes_id_1090,PRKAA1,target
ETCM_Target_Genes_id_1091,PRKAA2,target
ETCM_Target_Genes_id_1092,PRKAB1,target
ETCM_Target_Genes_id_1093,PRKAB2,target
ETCM_Target_Genes_id_1094,PRKACA,target
ETCM_Target_Genes_id_1095,PRKACB,target
ETCM_Target_Genes_id_1096,PKIA,target
ETCM_Target_Genes_id_1097,PRKAG1,target
ETCM_Target_Genes_id_1098,PRKAR1A,target
ETCM_Target_Genes_id_1099,PRKAR2B,target
ETCM_Target_Genes_id_1100,PRKCA,target
ETCM_Target_Genes_id_1101,PRKCB,target
ETCM_Target_Genes_id_1102,PRKCD,target
ETCM_Target_Genes_id_1103,PRKCE,target
ETCM_Target_Genes_id_1104,PRKCG,target
ETCM_Target_Genes_id_1105,PRKCI,target
ETCM_Target_Genes_id_1106,PRKCQ,target
ETCM_Target_Genes_id_1107,PRKCZ,target
ETCM_Target_Genes_id_1108,PRKDC,target
ETCM_Target_Genes_id_1109,MAPK1,target
ETCM_Target_Genes_id_1110,MAPK3,target
ETCM_Target_Genes_id_1111,MAPK8,target
ETCM_Target_Genes_id_1112,MAPK10,target
ETCM_Target_Genes_id_1113,MAP2K1,target
ETCM_Target_Genes_id_1114,MAP2K2,target
ETCM_Target_Genes_id_1115,PRLR,target
ETCM_Target_Genes_id_1116,PRNP,target
ETCM_Target_Genes_id_1117,PROC,target
ETCM_Target_Genes_id_1118,PRODH,target
ETCM_Target_Genes_id_1119,PROS1,target
ETCM_Target_Genes_id_1120,PRSS1,target
ETCM_Target_Genes_id_1121,PRSS2,target
ETCM_Target_Genes_id_1122,PRSS3,target
ETCM_Target_Genes_id_1123,KLK7,target
ETCM_Target_Genes_id_1124,KLK6,target
ETCM_Target_Genes_id_1125,PSAP,target
ETCM_Target_Genes_id_1126,PSG5,target
ETCM_Target_Genes_id_1127,PSMA1,target
ETCM_Target_Genes_id_1128,PSMA2,target
ETCM_Target_Genes_id_1129,PSMA3,target
ETCM_Target_Genes_id_1130,PSMA4,target
ETCM_Target_Genes_id_1131,PSMA5,target
ETCM_Target_Genes_id_1132,PSMA6,target
ETCM_Target_Genes_id_1133,PSMA7,target
ETCM_Target_Genes_id_1134,PSMB1,target
ETCM_Target_Genes_id_1135,PSMB2,target
ETCM_Target_Genes_id_1136,PSMB3,target
ETCM_Target_Genes_id_1137,PSMB4,target
ETCM_Target_Genes_id_1138,PSMB5,target
ETCM_Target_Genes_id_1139,PSMB6,target
ETCM_Target_Genes_id_1140,PSMB7,target
ETCM_Target_Genes_id_1141,PSMB8,target
ETCM_Target_Genes_id_1142,PSMB9,target
ETCM_Target_Genes_id_1143,PSMB10,target
ETCM_Target_Genes_id_1144,PSPH,target
ETCM_Target_Genes_id_1145,PTAFR,target
ETCM_Target_Genes_id_1146,PTEN,target
ETCM_Target_Genes_id_1147,PTGDR,target
ETCM_Target_Genes_id_1148,PTGER1,target
ETCM_Target_Genes_id_1149,PTGER2,target
ETCM_Target_Genes_id_1150,PTGER3,target
ETCM_Target_Genes_id_1151,PTGER4,target
ETCM_Target_Genes_id_1152,PTGFR,target
ETCM_Target_Genes_id_1153,PTGIR,target
ETCM_Target_Genes_id_1154,PTGIS,target
ETCM_Target_Genes_id_1155,PTH,target
ETCM_Target_Genes_id_1156,PTGS1,target
ETCM_Target_Genes_id_1157,PTGS2,target
ETCM_Target_Genes_id_1158,PTK2,target
ETCM_Target_Genes_id_1159,PTK6,target
ETCM_Target_Genes_id_1160,PTPN1,target
ETCM_Target_Genes_id_1161,PTPN4,target
ETCM_Target_Genes_id_1162,PTPN11,target
ETCM_Target_Genes_id_1163,PTPRE,target
ETCM_Target_Genes_id_1164,PTPRS,target
ETCM_Target_Genes_id_1165,PTS,target
ETCM_Target_Genes_id_1166,PURA,target
ETCM_Target_Genes_id_1167,PVALB,target
ETCM_Target_Genes_id_1168,PVR,target
ETCM_Target_Genes_id_1169,PYCR1,target
ETCM_Target_Genes_id_1170,ALDH18A1,target
ETCM_Target_Genes_id_1171,PCYT2,target
ETCM_Target_Genes_id_1172,PYGB,target
ETCM_Target_Genes_id_1173,PYGL,target
ETCM_Target_Genes_id_1174,PYGM,target
ETCM_Target_Genes_id_1175,QARS,target
ETCM_Target_Genes_id_1176,QDPR,target
ETCM_Target_Genes_id_1177,RAB5A,target
ETCM_Target_Genes_id_1178,RABGGTA,target
ETCM_Target_Genes_id_1179,RABGGTB,target
ETCM_Target_Genes_id_1180,RAC1,target
ETCM_Target_Genes_id_1181,RAC2,target
ETCM_Target_Genes_id_1182,RAD51,target
ETCM_Target_Genes_id_1183,RALA,target
ETCM_Target_Genes_id_1184,RAN,target
ETCM_Target_Genes_id_1185,RAP2A,target
ETCM_Target_Genes_id_1186,RARA,target
ETCM_Target_Genes_id_1187,RARB,target
ETCM_Target_Genes_id_1188,RARG,target
ETCM_Target_Genes_id_1189,RARRES1,target
ETCM_Target_Genes_id_1190,RBP1,target
ETCM_Target_Genes_id_1191,RBP2,target
ETCM_Target_Genes_id_1192,RBP3,target
ETCM_Target_Genes_id_1193,RBP4,target
ETCM_Target_Genes_id_1194,RCVRN,target
ETCM_Target_Genes_id_1195,RDH5,target
ETCM_Target_Genes_id_1196,RDX,target
ETCM_Target_Genes_id_1197,REG1A,target
ETCM_Target_Genes_id_1198,RELA,target
ETCM_Target_Genes_id_1199,REN,target
ETCM_Target_Genes_id_1200,RENBP,target
ETCM_Target_Genes_id_1201,RET,target
ETCM_Target_Genes_id_1202,RHEB,target
ETCM_Target_Genes_id_1203,RHO,target
ETCM_Target_Genes_id_1204,RLBP1,target
ETCM_Target_Genes_id_1205,RNASE1,target
ETCM_Target_Genes_id_1206,RNASE2,target
ETCM_Target_Genes_id_1207,RNASE3,target
ETCM_Target_Genes_id_1208,RNASE4,target
ETCM_Target_Genes_id_1209,RORA,target
ETCM_Target_Genes_id_1210,RORB,target
ETCM_Target_Genes_id_1211,RPL3,target
ETCM_Target_Genes_id_1212,RPL8,target
ETCM_Target_Genes_id_1213,RPL11,target
ETCM_Target_Genes_id_1214,RPL15,target
ETCM_Target_Genes_id_1215,RPL19,target
ETCM_Target_Genes_id_1216,RPL23A,target
ETCM_Target_Genes_id_1217,RPL37,target
ETCM_Target_Genes_id_1218,RPS6KA3,target
ETCM_Target_Genes_id_1219,RRM1,target
ETCM_Target_Genes_id_1220,RRM2,target
ETCM_Target_Genes_id_1221,RXRA,target
ETCM_Target_Genes_id_1222,RXRB,target
ETCM_Target_Genes_id_1223,RXRG,target
ETCM_Target_Genes_id_1224,RYR1,target
ETCM_Target_Genes_id_1225,S100A1,target
ETCM_Target_Genes_id_1226,S100A2,target
ETCM_Target_Genes_id_1227,S100A11,target
ETCM_Target_Genes_id_1228,S100A12,target
ETCM_Target_Genes_id_1229,S100A13,target
ETCM_Target_Genes_id_1230,S100B,target
ETCM_Target_Genes_id_1231,S100P,target
ETCM_Target_Genes_id_1232,MAPK12,target
ETCM_Target_Genes_id_1233,SARS,target
ETCM_Target_Genes_id_1234,SAT1,target
ETCM_Target_Genes_id_1235,SERPINB3,target
ETCM_Target_Genes_id_1236,SCN1A,target
ETCM_Target_Genes_id_1237,SCN1B,target
ETCM_Target_Genes_id_1238,SCN2A,target
ETCM_Target_Genes_id_1239,SCN2B,target
ETCM_Target_Genes_id_1240,SCN3A,target
ETCM_Target_Genes_id_1241,SCN4A,target
ETCM_Target_Genes_id_1242,SCN4B,target
ETCM_Target_Genes_id_1243,SCN5A,target
ETCM_Target_Genes_id_1244,SCN7A,target
ETCM_Target_Genes_id_1245,SCN8A,target
ETCM_Target_Genes_id_1246,SCN9A,target
ETCM_Target_Genes_id_1247,SCNN1A,target
ETCM_Target_Genes_id_1248,SCNN1B,target
ETCM_Target_Genes_id_1249,SCNN1D,target
ETCM_Target_Genes_id_1250,SCNN1G,target
ETCM_Target_Genes_id_1251,CCL2,target
ETCM_Target_Genes_id_1252,CCL5,target
ETCM_Target_Genes_id_1253,CCL8,target
ETCM_Target_Genes_id_1254,SDF2,target
ETCM_Target_Genes_id_1255,SDHA,target
ETCM_Target_Genes_id_1256,SDHB,target
ETCM_Target_Genes_id_1257,SDHC,target
ETCM_Target_Genes_id_1258,SDHD,target
ETCM_Target_Genes_id_1259,SELE,target
ETCM_Target_Genes_id_1260,SELP,target
ETCM_Target_Genes_id_1261,SFRP4,target
ETCM_Target_Genes_id_1262,SFTPD,target
ETCM_Target_Genes_id_1263,SGK1,target
ETCM_Target_Genes_id_1264,SHBG,target
ETCM_Target_Genes_id_1265,SHMT1,target
ETCM_Target_Genes_id_1266,SHMT2,target
ETCM_Target_Genes_id_1267,SI,target
ETCM_Target_Genes_id_1268,SKP1,target
ETCM_Target_Genes_id_1269,SLC1A1,target
ETCM_Target_Genes_id_1270,SLC1A2,target
ETCM_Target_Genes_id_1271,SLC1A3,target
ETCM_Target_Genes_id_1272,SLC1A4,target
ETCM_Target_Genes_id_1273,SLC1A5,target
ETCM_Target_Genes_id_1274,SLC1A6,target
ETCM_Target_Genes_id_1275,SLC1A7,target
ETCM_Target_Genes_id_1276,SLC2A1,target
ETCM_Target_Genes_id_1277,SLC2A2,target
ETCM_Target_Genes_id_1278,SLC2A3,target
ETCM_Target_Genes_id_1279,SLC2A4,target
ETCM_Target_Genes_id_1280,SLC2A5,target
ETCM_Target_Genes_id_1281,SLC3A1,target
ETCM_Target_Genes_id_1282,SLC5A1,target
ETCM_Target_Genes_id_1283,SLC5A2,target
ETCM_Target_Genes_id_1284,SLC6A1,target
ETCM_Target_Genes_id_1285,SLC6A2,target
ETCM_Target_Genes_id_1286,SLC6A3,target
ETCM_Target_Genes_id_1287,SLC6A4,target
ETCM_Target_Genes_id_1288,SLC6A6,target
ETCM_Target_Genes_id_1289,SLC6A7,target
ETCM_Target_Genes_id_1290,SLC6A8,target
ETCM_Target_Genes_id_1291,SLC6A9,target
ETCM_Target_Genes_id_1292,SLC6A11,target
ETCM_Target_Genes_id_1293,SLC6A12,target
ETCM_Target_Genes_id_1294,SLC6A13,target
ETCM_Target_Genes_id_1295,SLC7A1,target
ETCM_Target_Genes_id_1296,SLC7A2,target
ETCM_Target_Genes_id_1297,SLC7A4,target
ETCM_Target_Genes_id_1298,SLC8A1,target
ETCM_Target_Genes_id_1299,SLC9A1,target
ETCM_Target_Genes_id_1300,SLC10A1,target
ETCM_Target_Genes_id_1301,SLC10A2,target
ETCM_Target_Genes_id_1302,SLC12A1,target
ETCM_Target_Genes_id_1303,SLC12A2,target
ETCM_Target_Genes_id_1304,SLC12A3,target
ETCM_Target_Genes_id_1305,SLC12A4,target
ETCM_Target_Genes_id_1306,SLC13A1,target
ETCM_Target_Genes_id_1307,SLC14A1,target
ETCM_Target_Genes_id_1308,SLC15A1,target
ETCM_Target_Genes_id_1309,SLC15A2,target
ETCM_Target_Genes_id_1310,SLC16A1,target
ETCM_Target_Genes_id_1311,SLC16A2,target
ETCM_Target_Genes_id_1312,SLC18A1,target
ETCM_Target_Genes_id_1313,SLC18A2,target
ETCM_Target_Genes_id_1314,SLC19A1,target
ETCM_Target_Genes_id_1315,SLCO2A1,target
ETCM_Target_Genes_id_1316,SLCO1A2,target
ETCM_Target_Genes_id_1317,SLC22A1,target
ETCM_Target_Genes_id_1318,SLC22A3,target
ETCM_Target_Genes_id_1319,SLC22A2,target
ETCM_Target_Genes_id_1320,SLC22A4,target
ETCM_Target_Genes_id_1321,SLC22A5,target
ETCM_Target_Genes_id_1322,SMO,target
ETCM_Target_Genes_id_1323,SMPD1,target
ETCM_Target_Genes_id_1324,SMS,target
ETCM_Target_Genes_id_1325,SIGLEC1,target
ETCM_Target_Genes_id_1326,SNCA,target
ETCM_Target_Genes_id_1327,SNRPA,target
ETCM_Target_Genes_id_1328,SOAT1,target
ETCM_Target_Genes_id_1329,SOD1,target
ETCM_Target_Genes_id_1330,SOD2,target
ETCM_Target_Genes_id_1331,SORD,target
ETCM_Target_Genes_id_1332,UAP1,target
ETCM_Target_Genes_id_1333,SPR,target
ETCM_Target_Genes_id_1334,SPTBN1,target
ETCM_Target_Genes_id_1335,SQLE,target
ETCM_Target_Genes_id_1336,SRC,target
ETCM_Target_Genes_id_1337,SRD5A1,target
ETCM_Target_Genes_id_1338,SRD5A2,target
ETCM_Target_Genes_id_1339,AKR1D1,target
ETCM_Target_Genes_id_1340,SREBF1,target
ETCM_Target_Genes_id_1341,SRM,target
ETCM_Target_Genes_id_1342,SRPK2,target
ETCM_Target_Genes_id_1343,SSB,target
ETCM_Target_Genes_id_1344,SST,target
ETCM_Target_Genes_id_1345,SSTR1,target
ETCM_Target_Genes_id_1346,SSTR2,target
ETCM_Target_Genes_id_1347,SSTR3,target
ETCM_Target_Genes_id_1348,SSTR5,target
ETCM_Target_Genes_id_1349,ST14,target
ETCM_Target_Genes_id_1350,STAT5B,target
ETCM_Target_Genes_id_1351,SULT1E1,target
ETCM_Target_Genes_id_1352,ELOVL4,target
ETCM_Target_Genes_id_1353,AURKA,target
ETCM_Target_Genes_id_1354,SULT1A1,target
ETCM_Target_Genes_id_1355,SULT1A3,target
ETCM_Target_Genes_id_1356,SULT2B1,target
ETCM_Target_Genes_id_1357,SUOX,target
ETCM_Target_Genes_id_1358,SULT2A1,target
ETCM_Target_Genes_id_1359,ABCC8,target
ETCM_Target_Genes_id_1360,SYK,target
ETCM_Target_Genes_id_1361,SYN1,target
ETCM_Target_Genes_id_1362,ADAM17,target
ETCM_Target_Genes_id_1363,TACR1,target
ETCM_Target_Genes_id_1364,TACR3,target
ETCM_Target_Genes_id_1365,TAP1,target
ETCM_Target_Genes_id_1366,TARS,target
ETCM_Target_Genes_id_1367,TAT,target
ETCM_Target_Genes_id_1368,SERPINA7,target
ETCM_Target_Genes_id_1369,TBXAS1,target
ETCM_Target_Genes_id_1370,HNF1A,target
ETCM_Target_Genes_id_1371,TCN1,target
ETCM_Target_Genes_id_1372,TCN2,target
ETCM_Target_Genes_id_1373,TDO2,target
ETCM_Target_Genes_id_1374,PRDX2,target
ETCM_Target_Genes_id_1375,TEK,target
ETCM_Target_Genes_id_1376,TERT,target
ETCM_Target_Genes_id_1377,TF,target
ETCM_Target_Genes_id_1378,NR2F1,target
ETCM_Target_Genes_id_1379,TFF1,target
ETCM_Target_Genes_id_1380,TFF2,target
ETCM_Target_Genes_id_1381,TGFB3,target
ETCM_Target_Genes_id_1382,TGFBR1,target
ETCM_Target_Genes_id_1383,TGM4,target
ETCM_Target_Genes_id_1384,TGM1,target
ETCM_Target_Genes_id_1385,TGM2,target
ETCM_Target_Genes_id_1386,TGM3,target
ETCM_Target_Genes_id_1387,TH,target
ETCM_Target_Genes_id_1388,THBD,target
ETCM_Target_Genes_id_1389,THRA,target
ETCM_Target_Genes_id_1390,THRB,target
ETCM_Target_Genes_id_1391,TK1,target
ETCM_Target_Genes_id_1392,TK2,target
ETCM_Target_Genes_id_1393,TLL2,target
ETCM_Target_Genes_id_1394,TLR2,target
ETCM_Target_Genes_id_1395,TLR4,target
ETCM_Target_Genes_id_1396,TNF,target
ETCM_Target_Genes_id_1397,TNNC2,target
ETCM_Target_Genes_id_1398,TNFRSF1A,target
ETCM_Target_Genes_id_1399,TNNC1,target
ETCM_Target_Genes_id_1400,TNNI3,target
ETCM_Target_Genes_id_1401,TOP1,target
ETCM_Target_Genes_id_1402,TOP2A,target
ETCM_Target_Genes_id_1403,TOP2B,target
ETCM_Target_Genes_id_1404,TP53,target
ETCM_Target_Genes_id_1405,TPH1,target
ETCM_Target_Genes_id_1406,TPI1,target
ETCM_Target_Genes_id_1407,TPMT,target
ETCM_Target_Genes_id_1408,TPO,target
ETCM_Target_Genes_id_1409,TPR,target
ETCM_Target_Genes_id_1410,TPSAB1,target
ETCM_Target_Genes_id_1411,HSP90B1,target
ETCM_Target_Genes_id_1412,CCT3,target
ETCM_Target_Genes_id_1413,TST,target
ETCM_Target_Genes_id_1414,TSTA3,target
ETCM_Target_Genes_id_1415,TTK,target
ETCM_Target_Genes_id_1416,TTPA,target
ETCM_Target_Genes_id_1417,TUB,target
ETCM_Target_Genes_id_1418,TTR,target
ETCM_Target_Genes_id_1419,TUBA4A,target
ETCM_Target_Genes_id_1420,TUBA3C,target
ETCM_Target_Genes_id_1421,TUBG1,target
ETCM_Target_Genes_id_1422,TUFM,target
ETCM_Target_Genes_id_1423,TXNRD1,target
ETCM_Target_Genes_id_1424,TYK2,target
ETCM_Target_Genes_id_1425,TYMS,target
ETCM_Target_Genes_id_1426,TYR,target
ETCM_Target_Genes_id_1427,UBB,target
ETCM_Target_Genes_id_1428,UBC,target
ETCM_Target_Genes_id_1429,UBA1,target
ETCM_Target_Genes_id_1430,UBE2D2,target
ETCM_Target_Genes_id_1431,UGCG,target
ETCM_Target_Genes_id_1432,UGDH,target
ETCM_Target_Genes_id_1433,UGT2B4,target
ETCM_Target_Genes_id_1434,UGT2B7,target
ETCM_Target_Genes_id_1435,UGT2B15,target
ETCM_Target_Genes_id_1436,UCK2,target
ETCM_Target_Genes_id_1437,UMPS,target
ETCM_Target_Genes_id_1438,UNG,target
ETCM_Target_Genes_id_1439,UPP1,target
ETCM_Target_Genes_id_1440,UQCRB,target
ETCM_Target_Genes_id_1441,UQCRC1,target
ETCM_Target_Genes_id_1442,UQCRC2,target
ETCM_Target_Genes_id_1443,UQCRFS1,target
ETCM_Target_Genes_id_1444,UQCRH,target
ETCM_Target_Genes_id_1445,VARS,target
ETCM_Target_Genes_id_1446,VCAM1,target
ETCM_Target_Genes_id_1447,VCP,target
ETCM_Target_Genes_id_1448,VDAC1,target
ETCM_Target_Genes_id_1449,VDAC2,target
ETCM_Target_Genes_id_1450,VDAC3,target
ETCM_Target_Genes_id_1451,VDR,target
ETCM_Target_Genes_id_1452,VEGFA,target
ETCM_Target_Genes_id_1453,TRPV1,target
ETCM_Target_Genes_id_1454,WARS,target
ETCM_Target_Genes_id_1455,WAS,target
ETCM_Target_Genes_id_1456,WEE1,target
ETCM_Target_Genes_id_1457,XDH,target
ETCM_Target_Genes_id_1458,XRCC4,target
ETCM_Target_Genes_id_1459,YES1,target
ETCM_Target_Genes_id_1460,YWHAE,target
ETCM_Target_Genes_id_1461,ZAP70,target
ETCM_Target_Genes_id_1462,ZFY,target
ETCM_Target_Genes_id_1463,TUBA1A,target
ETCM_Target_Genes_id_1464,CXCR4,target
ETCM_Target_Genes_id_1465,MAPKAPK3,target
ETCM_Target_Genes_id_1466,RAB7A,target
ETCM_Target_Genes_id_1467,ALDH5A1,target
ETCM_Target_Genes_id_1468,HSD17B8,target
ETCM_Target_Genes_id_1469,GLRA3,target
ETCM_Target_Genes_id_1470,NR4A3,target
ETCM_Target_Genes_id_1471,CUBN,target
ETCM_Target_Genes_id_1472,SLC7A5,target
ETCM_Target_Genes_id_1473,SLC14A2,target
ETCM_Target_Genes_id_1474,CLPP,target
ETCM_Target_Genes_id_1475,NRIP1,target
ETCM_Target_Genes_id_1476,KDM5D,target
ETCM_Target_Genes_id_1477,EPX,target
ETCM_Target_Genes_id_1478,AXIN1,target
ETCM_Target_Genes_id_1479,PLA2G6,target
ETCM_Target_Genes_id_1480,EEA1,target
ETCM_Target_Genes_id_1481,BBOX1,target
ETCM_Target_Genes_id_1482,SOAT2,target
ETCM_Target_Genes_id_1483,SMARCA5,target
ETCM_Target_Genes_id_1484,PIK3R3,target
ETCM_Target_Genes_id_1485,LIPF,target
ETCM_Target_Genes_id_1486,DGKD,target
ETCM_Target_Genes_id_1487,CYP4F2,target
ETCM_Target_Genes_id_1488,YARS,target
ETCM_Target_Genes_id_1489,PDXK,target
ETCM_Target_Genes_id_1490,KHSRP,target
ETCM_Target_Genes_id_1491,CASK,target
ETCM_Target_Genes_id_1492,TNFSF11,target
ETCM_Target_Genes_id_1493,SLC25A12,target
ETCM_Target_Genes_id_1494,PDE8B,target
ETCM_Target_Genes_id_1495,HSD17B6,target
ETCM_Target_Genes_id_1496,AOC3,target
ETCM_Target_Genes_id_1497,AKR1C3,target
ETCM_Target_Genes_id_1498,ABCB11,target
ETCM_Target_Genes_id_1499,NCOA1,target
ETCM_Target_Genes_id_1500,PDE5A,target
ETCM_Target_Genes_id_1501,ALDH4A1,target
ETCM_Target_Genes_id_1502,EIF3F,target
ETCM_Target_Genes_id_1503,SLC4A4,target
ETCM_Target_Genes_id_1504,BECN1,target
ETCM_Target_Genes_id_1505,B4GALT4,target
ETCM_Target_Genes_id_1506,B4GALT3,target
ETCM_Target_Genes_id_1507,B4GALT2,target
ETCM_Target_Genes_id_1508,ABCC3,target
ETCM_Target_Genes_id_1509,CTSF,target
ETCM_Target_Genes_id_1510,SNX3,target
ETCM_Target_Genes_id_1511,RAB11A,target
ETCM_Target_Genes_id_1512,SUCLG2,target
ETCM_Target_Genes_id_1513,SUCLG1,target
ETCM_Target_Genes_id_1514,SUCLA2,target
ETCM_Target_Genes_id_1515,CES2,target
ETCM_Target_Genes_id_1516,GMPS,target
ETCM_Target_Genes_id_1517,GGH,target
ETCM_Target_Genes_id_1518,HCAR3,target
ETCM_Target_Genes_id_1519,KAT2B,target
ETCM_Target_Genes_id_1520,CDK5R1,target
ETCM_Target_Genes_id_1521,ALDH1A2,target
ETCM_Target_Genes_id_1522,NR1I2,target
ETCM_Target_Genes_id_1523,PROZ,target
ETCM_Target_Genes_id_1524,SPHK1,target
ETCM_Target_Genes_id_1525,SGPL1,target
ETCM_Target_Genes_id_1526,FUBP1,target
ETCM_Target_Genes_id_1527,NAE1,target
ETCM_Target_Genes_id_1528,SLC5A6,target
ETCM_Target_Genes_id_1529,CPNE1,target
ETCM_Target_Genes_id_1530,CACNA1I,target
ETCM_Target_Genes_id_1531,CACNA1H,target
ETCM_Target_Genes_id_1532,CACNA1G,target
ETCM_Target_Genes_id_1533,KYNU,target
ETCM_Target_Genes_id_1534,MGAM,target
ETCM_Target_Genes_id_1535,CHRNA6,target
ETCM_Target_Genes_id_1536,P4HA2,target
ETCM_Target_Genes_id_1537,PLOD3,target
ETCM_Target_Genes_id_1538,RPS6KA4,target
ETCM_Target_Genes_id_1539,TRPA1,target
ETCM_Target_Genes_id_1540,GPRC5A,target
ETCM_Target_Genes_id_1541,NFS1,target
ETCM_Target_Genes_id_1542,SLC7A7,target
ETCM_Target_Genes_id_1543,SLC13A2,target
ETCM_Target_Genes_id_1544,PAPSS1,target
ETCM_Target_Genes_id_1545,SLC16A6,target
ETCM_Target_Genes_id_1546,SLC16A5,target
ETCM_Target_Genes_id_1547,SLC16A4,target
ETCM_Target_Genes_id_1548,SLC16A3,target
ETCM_Target_Genes_id_1549,AIFM1,target
ETCM_Target_Genes_id_1550,HGS,target
ETCM_Target_Genes_id_1551,SLC6A5,target
ETCM_Target_Genes_id_1552,SLC28A2,target
ETCM_Target_Genes_id_1553,SLC28A1,target
ETCM_Target_Genes_id_1554,SLC16A7,target
ETCM_Target_Genes_id_1555,AURKB,target
ETCM_Target_Genes_id_1556,NOLC1,target
ETCM_Target_Genes_id_1557,LRAT,target
ETCM_Target_Genes_id_1558,DHRS3,target
ETCM_Target_Genes_id_1559,CACNA2D2,target
ETCM_Target_Genes_id_1560,MAPKAPK2,target
ETCM_Target_Genes_id_1561,STK17B,target
ETCM_Target_Genes_id_1562,CYTH3,target
ETCM_Target_Genes_id_1563,CYTH2,target
ETCM_Target_Genes_id_1564,GPR55,target
ETCM_Target_Genes_id_1565,KCNB2,target
ETCM_Target_Genes_id_1566,MMP20,target
ETCM_Target_Genes_id_1567,TGM5,target
ETCM_Target_Genes_id_1568,TAOK2,target
ETCM_Target_Genes_id_1569,RPL23,target
ETCM_Target_Genes_id_1570,SLC22A6,target
ETCM_Target_Genes_id_1571,PPIG,target
ETCM_Target_Genes_id_1572,RAB9A,target
ETCM_Target_Genes_id_1573,SLC22A8,target
ETCM_Target_Genes_id_1574,COX5A,target
ETCM_Target_Genes_id_1575,NMT2,target
ETCM_Target_Genes_id_1576,FADS2,target
ETCM_Target_Genes_id_1577,KCNK6,target
ETCM_Target_Genes_id_1578,ABCG2,target
ETCM_Target_Genes_id_1579,GSTO1,target
ETCM_Target_Genes_id_1580,GGPS1,target
ETCM_Target_Genes_id_1581,PCYT1B,target
ETCM_Target_Genes_id_1582,MAPK8IP1,target
ETCM_Target_Genes_id_1583,SLC4A7,target
ETCM_Target_Genes_id_1584,SLC4A8,target
ETCM_Target_Genes_id_1585,SPTLC2,target
ETCM_Target_Genes_id_1586,H6PD,target
ETCM_Target_Genes_id_1587,GABBR2,target
ETCM_Target_Genes_id_1588,ABCG1,target
ETCM_Target_Genes_id_1589,HDAC9,target
ETCM_Target_Genes_id_1590,HDAC4,target
ETCM_Target_Genes_id_1591,PTDSS1,target
ETCM_Target_Genes_id_1592,KEAP1,target
ETCM_Target_Genes_id_1593,LCMT2,target
ETCM_Target_Genes_id_1594,SV2A,target
ETCM_Target_Genes_id_1595,GFPT2,target
ETCM_Target_Genes_id_1596,HS3ST3A1,target
ETCM_Target_Genes_id_1597,HS3ST1,target
ETCM_Target_Genes_id_1598,SLC23A1,target
ETCM_Target_Genes_id_1599,NR1I3,target
ETCM_Target_Genes_id_1600,NR1H4,target
ETCM_Target_Genes_id_1601,GNPDA1,target
ETCM_Target_Genes_id_1602,PARP2,target
ETCM_Target_Genes_id_1603,PARP3,target
ETCM_Target_Genes_id_1604,FARSB,target
ETCM_Target_Genes_id_1605,ABCC5,target
ETCM_Target_Genes_id_1606,ABCC9,target
ETCM_Target_Genes_id_1607,NR1H3,target
ETCM_Target_Genes_id_1608,ARPC5,target
ETCM_Target_Genes_id_1609,ARPC4,target
ETCM_Target_Genes_id_1610,ARPC3,target
ETCM_Target_Genes_id_1611,ARPC1B,target
ETCM_Target_Genes_id_1612,ACTR3,target
ETCM_Target_Genes_id_1613,ACTR2,target
ETCM_Target_Genes_id_1614,PPIF,target
ETCM_Target_Genes_id_1615,ARPC2,target
ETCM_Target_Genes_id_1616,AASS,target
ETCM_Target_Genes_id_1617,SLC25A13,target
ETCM_Target_Genes_id_1618,SLC25A15,target
ETCM_Target_Genes_id_1619,TNK2,target
ETCM_Target_Genes_id_1620,PRMT3,target
ETCM_Target_Genes_id_1621,CALCRL,target
ETCM_Target_Genes_id_1622,TRIM13,target
ETCM_Target_Genes_id_1623,KCNMB2,target
ETCM_Target_Genes_id_1624,GPHN,target
ETCM_Target_Genes_id_1625,HRSP12,target
ETCM_Target_Genes_id_1626,GLYAT,target
ETCM_Target_Genes_id_1627,ABCC4,target
ETCM_Target_Genes_id_1628,SIGMAR1,target
ETCM_Target_Genes_id_1629,BCKDK,target
ETCM_Target_Genes_id_1630,AKR1A1,target
ETCM_Target_Genes_id_1631,WARS2,target
ETCM_Target_Genes_id_1632,CACNG2,target
ETCM_Target_Genes_id_1633,TUBA1B,target
ETCM_Target_Genes_id_1634,TUBB3,target
ETCM_Target_Genes_id_1635,CEPT1,target
ETCM_Target_Genes_id_1636,ATP8A1,target
ETCM_Target_Genes_id_1637,CDIPT,target
ETCM_Target_Genes_id_1638,ECI2,target
ETCM_Target_Genes_id_1639,MERTK,target
ETCM_Target_Genes_id_1640,PPIH,target
ETCM_Target_Genes_id_1641,FST,target
ETCM_Target_Genes_id_1642,ENOX2,target
ETCM_Target_Genes_id_1643,NCOA2,target
ETCM_Target_Genes_id_1644,KAT5,target
ETCM_Target_Genes_id_1645,PROCR,target
ETCM_Target_Genes_id_1646,SPTLC1,target
ETCM_Target_Genes_id_1647,SLC19A2,target
ETCM_Target_Genes_id_1648,TXNRD2,target
ETCM_Target_Genes_id_1649,SLCO1B1,target
ETCM_Target_Genes_id_1650,PAICS,target
ETCM_Target_Genes_id_1651,MYL12A,target
ETCM_Target_Genes_id_1652,FARS2,target
ETCM_Target_Genes_id_1653,TNFSF13B,target
ETCM_Target_Genes_id_1654,EBP,target
ETCM_Target_Genes_id_1655,MGEA5,target
ETCM_Target_Genes_id_1656,MAP3K2,target
ETCM_Target_Genes_id_1657,MASP2,target
ETCM_Target_Genes_id_1658,MTHFD2,target
ETCM_Target_Genes_id_1659,ALDH1L1,target
ETCM_Target_Genes_id_1660,FTCD,target
ETCM_Target_Genes_id_1661,PDE10A,target
ETCM_Target_Genes_id_1662,RUVBL2,target
ETCM_Target_Genes_id_1663,PGRMC1,target
ETCM_Target_Genes_id_1664,ADAM28,target
ETCM_Target_Genes_id_1665,SLC22A7,target
ETCM_Target_Genes_id_1666,ME3,target
ETCM_Target_Genes_id_1667,DHRS4,target
ETCM_Target_Genes_id_1668,PAPOLA,target
ETCM_Target_Genes_id_1669,RALBP1,target
ETCM_Target_Genes_id_1670,AFG3L2,target
ETCM_Target_Genes_id_1671,UQCR11,target
ETCM_Target_Genes_id_1672,METAP2,target
ETCM_Target_Genes_id_1673,SLC38A3,target
ETCM_Target_Genes_id_1674,SDS,target
ETCM_Target_Genes_id_1675,KIF2C,target
ETCM_Target_Genes_id_1676,ATF7,target
ETCM_Target_Genes_id_1677,ADAMTS5,target
ETCM_Target_Genes_id_1678,HIBADH,target
ETCM_Target_Genes_id_1679,CIT,target
ETCM_Target_Genes_id_1680,SLC7A9,target
ETCM_Target_Genes_id_1681,LSM6,target
ETCM_Target_Genes_id_1682,SLC2A6,target
ETCM_Target_Genes_id_1683,NISCH,target
ETCM_Target_Genes_id_1684,ABCB8,target
ETCM_Target_Genes_id_1685,PROSC,target
ETCM_Target_Genes_id_1686,CA5B,target
ETCM_Target_Genes_id_1687,PADI2,target
ETCM_Target_Genes_id_1688,MAN1B1,target
ETCM_Target_Genes_id_1689,SLC6A14,target
ETCM_Target_Genes_id_1690,HRH3,target
ETCM_Target_Genes_id_1691,SCN11A,target
ETCM_Target_Genes_id_1692,SLCO2B1,target
ETCM_Target_Genes_id_1693,ATF5,target
ETCM_Target_Genes_id_1694,MSRB2,target
ETCM_Target_Genes_id_1695,ATF6,target
ETCM_Target_Genes_id_1696,RPIA,target
ETCM_Target_Genes_id_1697,PTGR1,target
ETCM_Target_Genes_id_1698,SCMH1,target
ETCM_Target_Genes_id_1699,NT5C2,target
ETCM_Target_Genes_id_1700,PDXDC1,target
ETCM_Target_Genes_id_1701,METAP1,target
ETCM_Target_Genes_id_1702,GANAB,target
ETCM_Target_Genes_id_1703,LARS2,target
ETCM_Target_Genes_id_1704,SIRT5,target
ETCM_Target_Genes_id_1705,SIRT3,target
ETCM_Target_Genes_id_1706,NOMO1,target
ETCM_Target_Genes_id_1707,SLC7A8,target
ETCM_Target_Genes_id_1708,SLC44A1,target
ETCM_Target_Genes_id_1709,SF3B3,target
ETCM_Target_Genes_id_1710,ABCA5,target
ETCM_Target_Genes_id_1711,GCAT,target
ETCM_Target_Genes_id_1712,QPRT,target
ETCM_Target_Genes_id_1713,RPL13A,target
ETCM_Target_Genes_id_1714,NNT,target
ETCM_Target_Genes_id_1715,SEC14L2,target
ETCM_Target_Genes_id_1716,DNPEP,target
ETCM_Target_Genes_id_1717,DDAH2,target
ETCM_Target_Genes_id_1718,PADI4,target
ETCM_Target_Genes_id_1719,DDAH1,target
ETCM_Target_Genes_id_1720,NTSR2,target
ETCM_Target_Genes_id_1721,BACE1,target
ETCM_Target_Genes_id_1722,CA14,target
ETCM_Target_Genes_id_1723,LY96,target
ETCM_Target_Genes_id_1724,POLA2,target
ETCM_Target_Genes_id_1725,SLC7A11,target
ETCM_Target_Genes_id_1726,BHMT2,target
ETCM_Target_Genes_id_1727,PISD,target
ETCM_Target_Genes_id_1728,QPCT,target
ETCM_Target_Genes_id_1729,PRDX5,target
ETCM_Target_Genes_id_1730,PARS2,target
ETCM_Target_Genes_id_1731,MMACHC,target
ETCM_Target_Genes_id_1732,TTLL3,target
ETCM_Target_Genes_id_1733,ARL5A,target
ETCM_Target_Genes_id_1734,PHGDH,target
ETCM_Target_Genes_id_1735,B3GAT3,target
ETCM_Target_Genes_id_1736,CLEC4E,target
ETCM_Target_Genes_id_1737,HIBCH,target
ETCM_Target_Genes_id_1738,GAPDHS,target
ETCM_Target_Genes_id_1739,OPLAH,target
ETCM_Target_Genes_id_1740,TPK1,target
ETCM_Target_Genes_id_1741,ACAD8,target
ETCM_Target_Genes_id_1742,SIGLEC7,target
ETCM_Target_Genes_id_1743,LAT,target
ETCM_Target_Genes_id_1744,DAPP1,target
ETCM_Target_Genes_id_1745,B3GAT1,target
ETCM_Target_Genes_id_1746,UQCRQ,target
ETCM_Target_Genes_id_1747,TRAPPC3,target
ETCM_Target_Genes_id_1748,PDE7B,target
ETCM_Target_Genes_id_1749,CHIA,target
ETCM_Target_Genes_id_1750,GLS2,target
ETCM_Target_Genes_id_1751,GNMT,target
ETCM_Target_Genes_id_1752,SULT1B1,target
ETCM_Target_Genes_id_1753,HPGDS,target
ETCM_Target_Genes_id_1754,MCAT,target
ETCM_Target_Genes_id_1755,MAT2B,target
ETCM_Target_Genes_id_1756,SLCO4A1,target
ETCM_Target_Genes_id_1757,SLCO3A1,target
ETCM_Target_Genes_id_1758,SLCO1B3,target
ETCM_Target_Genes_id_1759,TRBC1,target
ETCM_Target_Genes_id_1760,DCPS,target
ETCM_Target_Genes_id_1761,UQCR10,target
ETCM_Target_Genes_id_1762,PYCR2,target
ETCM_Target_Genes_id_1763,EPN1,target
ETCM_Target_Genes_id_1764,PADI1,target
ETCM_Target_Genes_id_1765,PSAT1,target
ETCM_Target_Genes_id_1766,SLC2A8,target
ETCM_Target_Genes_id_1767,OBP2A,target
ETCM_Target_Genes_id_1768,NT5C,target
ETCM_Target_Genes_id_1769,RRM2B,target
ETCM_Target_Genes_id_1770,CALY,target
ETCM_Target_Genes_id_1771,RDH8,target
ETCM_Target_Genes_id_1772,NSDHL,target
ETCM_Target_Genes_id_1773,PDE11A,target
ETCM_Target_Genes_id_1774,GLRX2,target
ETCM_Target_Genes_id_1775,LAP3,target
ETCM_Target_Genes_id_1776,TXNDC12,target
ETCM_Target_Genes_id_1777,YARS2,target
ETCM_Target_Genes_id_1778,NDUFA13,target
ETCM_Target_Genes_id_1779,SEPSECS,target
ETCM_Target_Genes_id_1780,APH1A,target
ETCM_Target_Genes_id_1781,RDH11,target
ETCM_Target_Genes_id_1782,RPL26L1,target
ETCM_Target_Genes_id_1783,SAR1B,target
ETCM_Target_Genes_id_1784,IRAK4,target
ETCM_Target_Genes_id_1785,AADAT,target
ETCM_Target_Genes_id_1786,HSD17B11,target
ETCM_Target_Genes_id_1787,NAGPA,target
ETCM_Target_Genes_id_1788,TUBD1,target
ETCM_Target_Genes_id_1789,TUBE1,target
ETCM_Target_Genes_id_1790,LEF1,target
ETCM_Target_Genes_id_1791,HAO2,target
ETCM_Target_Genes_id_1792,DCXR,target
ETCM_Target_Genes_id_1793,CRBN,target
ETCM_Target_Genes_id_1794,RSL24D1,target
ETCM_Target_Genes_id_1795,GLTP,target
ETCM_Target_Genes_id_1796,PIPOX,target
ETCM_Target_Genes_id_1797,TLR7,target
ETCM_Target_Genes_id_1798,KCNK9,target
ETCM_Target_Genes_id_1799,TLR8,target
ETCM_Target_Genes_id_1800,CSAD,target
ETCM_Target_Genes_id_1801,TRAPPC4,target
ETCM_Target_Genes_id_1802,PRKAG2,target
ETCM_Target_Genes_id_1803,POLK,target
ETCM_Target_Genes_id_1804,LCMT1,target
ETCM_Target_Genes_id_1805,ISYNA1,target
ETCM_Target_Genes_id_1806,HSD17B7,target
ETCM_Target_Genes_id_1807,LARS,target
ETCM_Target_Genes_id_1808,SCLY,target
ETCM_Target_Genes_id_1809,LGSN,target
ETCM_Target_Genes_id_1810,CUTA,target
ETCM_Target_Genes_id_1811,DPH5,target
ETCM_Target_Genes_id_1812,OAZ3,target
ETCM_Target_Genes_id_1813,PADI3,target
ETCM_Target_Genes_id_1814,CYB5R1,target
ETCM_Target_Genes_id_1815,CMPK1,target
ETCM_Target_Genes_id_1816,RAB8B,target
ETCM_Target_Genes_id_1817,ZAK,target
ETCM_Target_Genes_id_1818,TUBA8,target
ETCM_Target_Genes_id_1819,NUDT9,target
ETCM_Target_Genes_id_1820,S1PR5,target
ETCM_Target_Genes_id_1821,SLCO1C1,target
ETCM_Target_Genes_id_1822,CSNK1G1,target
ETCM_Target_Genes_id_1823,TLR9,target
ETCM_Target_Genes_id_1824,POLE3,target
ETCM_Target_Genes_id_1825,CYCS,target
ETCM_Target_Genes_id_1826,TREM1,target
ETCM_Target_Genes_id_1827,HAO1,target
ETCM_Target_Genes_id_1828,SMOX,target
ETCM_Target_Genes_id_1829,UGT1A10,target
ETCM_Target_Genes_id_1830,UGT1A8,target
ETCM_Target_Genes_id_1831,UGT1A7,target
ETCM_Target_Genes_id_1832,UGT1A6,target
ETCM_Target_Genes_id_1833,EGLN1,target
ETCM_Target_Genes_id_1834,UGT1A9,target
ETCM_Target_Genes_id_1835,UGT1A4,target
ETCM_Target_Genes_id_1836,UGT1A1,target
ETCM_Target_Genes_id_1837,UGT1A3,target
ETCM_Target_Genes_id_1838,CROT,target
ETCM_Target_Genes_id_1839,P4HTM,target
ETCM_Target_Genes_id_1840,TRPM7,target
ETCM_Target_Genes_id_1841,RETSAT,target
ETCM_Target_Genes_id_1842,DUSP23,target
ETCM_Target_Genes_id_1843,UCKL1,target
ETCM_Target_Genes_id_1844,MOCOS,target
ETCM_Target_Genes_id_1845,DARS2,target
ETCM_Target_Genes_id_1846,PNPO,target
ETCM_Target_Genes_id_1847,NADSYN1,target
ETCM_Target_Genes_id_1848,TMLHE,target
ETCM_Target_Genes_id_1849,OGFOD1,target
ETCM_Target_Genes_id_1850,SLC47A1,target
ETCM_Target_Genes_id_1851,PI4K2B,target
ETCM_Target_Genes_id_1852,SPTLC3,target
ETCM_Target_Genes_id_1853,RFK,target
ETCM_Target_Genes_id_1854,CHDH,target
ETCM_Target_Genes_id_1855,SMPD3,target
ETCM_Target_Genes_id_1856,NAGK,target
ETCM_Target_Genes_id_1857,CHRNA9,target
ETCM_Target_Genes_id_1858,SMPD4,target
ETCM_Target_Genes_id_1859,HIF1AN,target
ETCM_Target_Genes_id_1860,IARS2,target
ETCM_Target_Genes_id_1861,CACNA2D3,target
ETCM_Target_Genes_id_1862,SCN3B,target
ETCM_Target_Genes_id_1863,ALLC,target
ETCM_Target_Genes_id_1864,PECR,target
ETCM_Target_Genes_id_1865,PSENEN,target
ETCM_Target_Genes_id_1866,ACOT13,target
ETCM_Target_Genes_id_1867,SLC22A11,target
ETCM_Target_Genes_id_1868,HDAC8,target
ETCM_Target_Genes_id_1869,GABRQ,target
ETCM_Target_Genes_id_1870,ACSS2,target
ETCM_Target_Genes_id_1871,CMAS,target
ETCM_Target_Genes_id_1872,APOM,target
ETCM_Target_Genes_id_1873,NDUFA12,target
ETCM_Target_Genes_id_1874,CCBL2,target
ETCM_Target_Genes_id_1875,IRGC,target
ETCM_Target_Genes_id_1876,CYP26B1,target
ETCM_Target_Genes_id_1877,SLC2A9,target
ETCM_Target_Genes_id_1878,POLE4,target
ETCM_Target_Genes_id_1879,SUCNR1,target
ETCM_Target_Genes_id_1880,NDUFA4L2,target
ETCM_Target_Genes_id_1881,MCCC1,target
ETCM_Target_Genes_id_1882,NT5M,target
ETCM_Target_Genes_id_1883,AKR1B10,target
ETCM_Target_Genes_id_1884,PDXP,target
ETCM_Target_Genes_id_1885,CYSLTR2,target
ETCM_Target_Genes_id_1886,CAMK1D,target
ETCM_Target_Genes_id_1887,SLC44A2,target
ETCM_Target_Genes_id_1888,CAMK1G,target
ETCM_Target_Genes_id_1889,SLC4A10,target
ETCM_Target_Genes_id_1890,AS3MT,target
ETCM_Target_Genes_id_1891,SLC12A5,target
ETCM_Target_Genes_id_1892,AARS2,target
ETCM_Target_Genes_id_1893,MKL1,target
ETCM_Target_Genes_id_1894,PLEKHA4,target
ETCM_Target_Genes_id_1895,RDH14,target
ETCM_Target_Genes_id_1896,PRX,target
ETCM_Target_Genes_id_1897,NCOA5,target
ETCM_Target_Genes_id_1898,SLC4A5,target
ETCM_Target_Genes_id_1899,CTDSP1,target
ETCM_Target_Genes_id_1900,ENOPH1,target
ETCM_Target_Genes_id_1901,TRAPPC1,target
ETCM_Target_Genes_id_1902,PCTP,target
ETCM_Target_Genes_id_1903,ACE2,target
ETCM_Target_Genes_id_1904,PLEKHA1,target
ETCM_Target_Genes_id_1905,HRH4,target
ETCM_Target_Genes_id_1906,SCPEP1,target
ETCM_Target_Genes_id_1907,SLC5A7,target
ETCM_Target_Genes_id_1908,PPCDC,target
ETCM_Target_Genes_id_1909,CELA2A,target
ETCM_Target_Genes_id_1910,SRR,target
ETCM_Target_Genes_id_1911,OXCT2,target
ETCM_Target_Genes_id_1912,SLC28A3,target
ETCM_Target_Genes_id_1913,MCCC2,target
ETCM_Target_Genes_id_1914,ELSPBP1,target
ETCM_Target_Genes_id_1915,PDF,target
ETCM_Target_Genes_id_1916,TPSB2,target
ETCM_Target_Genes_id_1917,NMNAT1,target
ETCM_Target_Genes_id_1918,P2RY12,target
ETCM_Target_Genes_id_1919,CYP3A43,target
ETCM_Target_Genes_id_1920,SLC13A3,target
ETCM_Target_Genes_id_1921,AGXT2,target
ETCM_Target_Genes_id_1922,CDK15,target
ETCM_Target_Genes_id_1923,PYCRL,target
ETCM_Target_Genes_id_1924,CYP4F12,target
ETCM_Target_Genes_id_1925,SLC2A11,target
ETCM_Target_Genes_id_1926,VKORC1,target
ETCM_Target_Genes_id_1927,TRPM8,target
ETCM_Target_Genes_id_1928,TRAPPC6A,target
ETCM_Target_Genes_id_1929,DHRS11,target
ETCM_Target_Genes_id_1930,CARS2,target
ETCM_Target_Genes_id_1931,RIC3,target
ETCM_Target_Genes_id_1932,EFTUD1,target
ETCM_Target_Genes_id_1933,SRD5A3,target
ETCM_Target_Genes_id_1934,NEIL1,target
ETCM_Target_Genes_id_1935,OGFOD2,target
ETCM_Target_Genes_id_1936,NARS2,target
ETCM_Target_Genes_id_1937,SLC25A22,target
ETCM_Target_Genes_id_1938,MYH14,target
ETCM_Target_Genes_id_1939,THNSL1,target
ETCM_Target_Genes_id_1940,ASRGL1,target
ETCM_Target_Genes_id_1941,TARS2,target
ETCM_Target_Genes_id_1942,PDGFD,target
ETCM_Target_Genes_id_1943,SLC19A3,target
ETCM_Target_Genes_id_1944,SLC44A4,target
ETCM_Target_Genes_id_1945,SETD7,target
ETCM_Target_Genes_id_1946,TUBB1,target
ETCM_Target_Genes_id_1947,SLC2A10,target
ETCM_Target_Genes_id_1948,KCNH6,target
ETCM_Target_Genes_id_1949,SLC25A32,target
ETCM_Target_Genes_id_1950,PTDSS2,target
ETCM_Target_Genes_id_1951,SYNC,target
ETCM_Target_Genes_id_1952,HM13,target
ETCM_Target_Genes_id_1953,STMN4,target
ETCM_Target_Genes_id_1954,CLPB,target
ETCM_Target_Genes_id_1955,AMN,target
ETCM_Target_Genes_id_1956,SLC25A18,target
ETCM_Target_Genes_id_1957,TAS1R3,target
ETCM_Target_Genes_id_1958,RBP5,target
ETCM_Target_Genes_id_1959,SLC25A2,target
ETCM_Target_Genes_id_1960,GSG2,target
ETCM_Target_Genes_id_1961,SPIRE2,target
ETCM_Target_Genes_id_1962,ACSS1,target
ETCM_Target_Genes_id_1963,ACCS,target
ETCM_Target_Genes_id_1964,GPT2,target
ETCM_Target_Genes_id_1965,TUBA1C,target
ETCM_Target_Genes_id_1966,SLC7A3,target
ETCM_Target_Genes_id_1967,ABCC11,target
ETCM_Target_Genes_id_1968,MYLK2,target
ETCM_Target_Genes_id_1969,SLC22A16,target
ETCM_Target_Genes_id_1970,CHRFAM7A,target
ETCM_Target_Genes_id_1971,ABCC10,target
ETCM_Target_Genes_id_1972,KCNH7,target
ETCM_Target_Genes_id_1973,ACY3,target
ETCM_Target_Genes_id_1974,GLYATL1,target
ETCM_Target_Genes_id_1975,LDHAL6B,target
ETCM_Target_Genes_id_1976,MARS2,target
ETCM_Target_Genes_id_1977,EGLN2,target
ETCM_Target_Genes_id_1978,EGLN3,target
ETCM_Target_Genes_id_1979,SAT2,target
ETCM_Target_Genes_id_1980,RDH13,target
ETCM_Target_Genes_id_1981,SLC46A1,target
ETCM_Target_Genes_id_1982,SDSL,target
ETCM_Target_Genes_id_1983,PGLYRP3,target
ETCM_Target_Genes_id_1984,GNRHR2,target
ETCM_Target_Genes_id_1985,TGM7,target
ETCM_Target_Genes_id_1986,RBP7,target
ETCM_Target_Genes_id_1987,GRIN3A,target
ETCM_Target_Genes_id_1988,GRIN3B,target
ETCM_Target_Genes_id_1989,TOP1MT,target
ETCM_Target_Genes_id_1990,DCD,target
ETCM_Target_Genes_id_1991,SLC16A10,target
ETCM_Target_Genes_id_1992,COMTD1,target
ETCM_Target_Genes_id_1993,GSTO2,target
ETCM_Target_Genes_id_1994,CYP2R1,target
ETCM_Target_Genes_id_1995,TPH2,target
ETCM_Target_Genes_id_1996,ALKBH2,target
ETCM_Target_Genes_id_1997,TRAPPC6B,target
ETCM_Target_Genes_id_1998,ADSSL1,target
ETCM_Target_Genes_id_1999,JDP2,target
ETCM_Target_Genes_id_2000,SLC25A29,target
ETCM_Target_Genes_id_2001,MTFMT,target
ETCM_Target_Genes_id_2002,NOXO1,target
ETCM_Target_Genes_id_2003,EARS2,target
ETCM_Target_Genes_id_2004,CANT1,target
ETCM_Target_Genes_id_2005,TRAPPC5,target
ETCM_Target_Genes_id_2006,NDUFA11,target
ETCM_Target_Genes_id_2007,SLC44A3,target
ETCM_Target_Genes_id_2008,GALM,target
ETCM_Target_Genes_id_2009,CPO,target
ETCM_Target_Genes_id_2010,UGT3A1,target
ETCM_Target_Genes_id_2011,MYL6B,target
ETCM_Target_Genes_id_2012,SLC32A1,target
ETCM_Target_Genes_id_2013,RPL10L,target
ETCM_Target_Genes_id_2014,LIPJ,target
ETCM_Target_Genes_id_2015,RDH12,target
ETCM_Target_Genes_id_2016,PTGR2,target
ETCM_Target_Genes_id_2017,UPP2,target
ETCM_Target_Genes_id_2018,GLIPR2,target
ETCM_Target_Genes_id_2019,SLC2A12,target
ETCM_Target_Genes_id_2020,VKORC1L1,target
ETCM_Target_Genes_id_2021,SLC2A7,target
ETCM_Target_Genes_id_2022,AK8,target
ETCM_Target_Genes_id_2023,LDHAL6A,target
ETCM_Target_Genes_id_2024,CLEC14A,target
ETCM_Target_Genes_id_2025,NAGS,target
ETCM_Target_Genes_id_2026,PHOSPHO1,target
ETCM_Target_Genes_id_2027,TRPV3,target
ETCM_Target_Genes_id_2028,PARP15,target
ETCM_Target_Genes_id_2029,MMAA,target
ETCM_Target_Genes_id_2030,HTR3C,target
ETCM_Target_Genes_id_2031,LCTL,target
ETCM_Target_Genes_id_2032,DHFRL1,target
ETCM_Target_Genes_id_2033,HTR3D,target
ETCM_Target_Genes_id_2034,TUBB,target
ETCM_Target_Genes_id_2035,SLC36A1,target
ETCM_Target_Genes_id_2036,GLYATL2,target
ETCM_Target_Genes_id_2037,ARL5B,target
ETCM_Target_Genes_id_2038,ALKBH3,target
ETCM_Target_Genes_id_2039,GSTA5,target
ETCM_Target_Genes_id_2040,GPX6,target
ETCM_Target_Genes_id_2041,IL4I1,target
ETCM_Target_Genes_id_2042,SEC14L4,target
ETCM_Target_Genes_id_2043,HTR3E,target
ETCM_Target_Genes_id_2044,IGSF10,target
ETCM_Target_Genes_id_2045,DHRS4L2,target
ETCM_Target_Genes_id_2046,MMAB,target
ETCM_Target_Genes_id_2047,HCAR2,target
ETCM_Target_Genes_id_2048,GADL1,target
ETCM_Target_Genes_id_2049,ABCB5,target
ETCM_Target_Genes_id_2050,CYP26C1,target
ETCM_Target_Genes_id_2051,TGM6,target
ETCM_Target_Genes_id_2052,SLC10A6,target
ETCM_Target_Genes_id_2053,MURC,target
ETCM_Target_Genes_id_2054,TUBB2B,target
ETCM_Target_Genes_id_2055,NMNAT3,target
ETCM_Target_Genes_id_2056,SLCO4C1,target
ETCM_Target_Genes_id_2057,PADI6,target
ETCM_Target_Genes_id_2058,GSTK1,target
ETCM_Target_Genes_id_2059,NDUFS7,target
ETCM_Target_Genes_id_2060,SLC22A10,target
ETCM_Target_Genes_id_2061,IYD,target
ETCM_Target_Genes_id_2062,GPX8,target
ETCM_Target_Genes_id_2063,CKMT1A,target
ETCM_Target_Genes_id_2064,NCF1,target
ETCM_Target_Genes_id_2065,IGHA2,target
ETCM_Target_Genes_id_2066,IGHG2,target
ETCM_Target_Genes_id_2067,HTR1F,target
ETCM_Target_Genes_id_2068,HTR7,target
ETCM_Target_Genes_id_2069,GSTM5,target
ETCM_Target_Genes_id_2070,HRH2,target
ETCM_Target_Genes_id_2071,PLA2G2D,target
ETCM_Target_Genes_id_2072,AADACL2,target
ETCM_Target_Genes_id_2073,ADGRD1,target
ETCM_Target_Genes_id_2074,ASIC3,target
ETCM_Target_Genes_id_2075,AZIN2,target
ETCM_Target_Genes_id_2076,CHRNA10,target
ETCM_Target_Genes_id_2077,COX3,target
ETCM_Target_Genes_id_2078,CPQ,target
ETCM_Target_Genes_id_2079,CTPS1,target
ETCM_Target_Genes_id_2080,DHRS4L1,target
ETCM_Target_Genes_id_2081,DRD5,target
ETCM_Target_Genes_id_2082,EFL1,target
ETCM_Target_Genes_id_2083,ERO1B,target
ETCM_Target_Genes_id_2084,GATB,target
ETCM_Target_Genes_id_2085,GGACT,target
ETCM_Target_Genes_id_2086,GLT6D1,target
ETCM_Target_Genes_id_2087,GPBAR1,target
ETCM_Target_Genes_id_2088,GPER1,target
ETCM_Target_Genes_id_2089,GRK2,target
ETCM_Target_Genes_id_2090,GRK3,target
ETCM_Target_Genes_id_2091,HTR3B,target
ETCM_Target_Genes_id_2092,IGHV1-2,target
ETCM_Target_Genes_id_2093,IGKV2-30,target
ETCM_Target_Genes_id_2094,ISPD,target
ETCM_Target_Genes_id_2095,KANSL3,target
ETCM_Target_Genes_id_2096,KRTAP5-2,target
ETCM_Target_Genes_id_2097,KRTAP5-3,target
ETCM_Target_Genes_id_2098,KYAT1,target
ETCM_Target_Genes_id_2099,L3HYPDH,target
ETCM_Target_Genes_id_2100,LALBA,target
ETCM_Target_Genes_id_2101,LCN9,target
ETCM_Target_Genes_id_2102,LIPB,target
ETCM_Target_Genes_id_2103,MRSD,target
ETCM_Target_Genes_id_2104,MSMO1,target
ETCM_Target_Genes_id_2105,NEU2,target
ETCM_Target_Genes_id_2106,P3H1,target
ETCM_Target_Genes_id_2107,P3H2,target
ETCM_Target_Genes_id_2108,P3H3,target
ETCM_Target_Genes_id_2109,PKM,target
ETCM_Target_Genes_id_2110,PLA2G2E,target
ETCM_Target_Genes_id_2111,PRKAG3,target
ETCM_Target_Genes_id_2112,PRS,target
ETCM_Target_Genes_id_2113,PTGDR2,target
ETCM_Target_Genes_id_2114,RIDA,target
ETCM_Target_Genes_id_2115,RTCA,target
ETCM_Target_Genes_id_2116,RTCB,target
ETCM_Target_Genes_id_2117,SCN10A,target
ETCM_Target_Genes_id_2118,SEC14L3,target
ETCM_Target_Genes_id_2119,SLC16A8,target
ETCM_Target_Genes_id_2120,SLC51A,target
ETCM_Target_Genes_id_2121,SLC51B,target
ETCM_Target_Genes_id_2122,SLC5A8,target
ETCM_Target_Genes_id_2123,TAS1R2,target
ETCM_Target_Genes_id_2124,AASDHPPT,target
ETCM_Target_Genes_id_2125,PLA2G15,target
ETCM_Target_Genes_id_2126,AVP,target
ETCM_Target_Genes_id_2127,KMT2D,target
ETCM_Target_Genes_id_2128,ALYREF,target
ETCM_Target_Genes_id_2129,TWIST2,target
ETCM_Target_Genes_id_2130,OLFM1,target
ETCM_Target_Genes_id_2131,COL25A1,target
ETCM_Target_Genes_id_2132,LRP1,target
ETCM_Target_Genes_id_2133,PMAIP1,target
ETCM_Target_Genes_id_2134,ARSD,target
ETCM_Target_Genes_id_2135,CSNK1D,target
ETCM_Target_Genes_id_2136,ASPSCR1,target
ETCM_Target_Genes_id_2137,ATP5F1E,target
ETCM_Target_Genes_id_2138,AZU1,target
ETCM_Target_Genes_id_2139,BGLT3,target
ETCM_Target_Genes_id_2140,FBN2,target
ETCM_Target_Genes_id_2141,CTLA4,target
ETCM_Target_Genes_id_2142,NOD2,target
ETCM_Target_Genes_id_2143,CELIAC2,target
ETCM_Target_Genes_id_2144,NPPA,target
ETCM_Target_Genes_id_2145,SOST,target
ETCM_Target_Genes_id_2146,UGT8,target
ETCM_Target_Genes_id_2147,CXCL9,target
ETCM_Target_Genes_id_2148,RBM14,target
ETCM_Target_Genes_id_2149,ITPRID2,target
ETCM_Target_Genes_id_2150,SLAMF7,target
ETCM_Target_Genes_id_2151,TGFBI,target
ETCM_Target_Genes_id_2152,UTP25,target
ETCM_Target_Genes_id_2153,ICK,target
ETCM_Target_Genes_id_2154,EFNA1,target
ETCM_Target_Genes_id_2155,ERVW-1,target
ETCM_Target_Genes_id_2156,MAP3K8,target
ETCM_Target_Genes_id_2157,FXN,target
ETCM_Target_Genes_id_2158,INHBA,target
ETCM_Target_Genes_id_2159,SFRP1,target
ETCM_Target_Genes_id_2160,FSTL1,target
ETCM_Target_Genes_id_2161,GLCCI1,target
ETCM_Target_Genes_id_2162,MAP4K3,target
ETCM_Target_Genes_id_2163,REXO1L1P,target
ETCM_Target_Genes_id_2164,SLCO6A1,target
ETCM_Target_Genes_id_2165,IMMT,target
ETCM_Target_Genes_id_2166,GNPTAB,target
ETCM_Target_Genes_id_2167,KTN1,target
ETCM_Target_Genes_id_2168,KRTAP5-8,target
ETCM_Target_Genes_id_2169,KRTAP5-7,target
ETCM_Target_Genes_id_2170,IGKV1-16,target
ETCM_Target_Genes_id_2171,FAM49B,target
ETCM_Target_Genes_id_2172,RPL5,target
ETCM_Target_Genes_id_2173,PCLAF,target
ETCM_Target_Genes_id_2174,KNCN,target
ETCM_Target_Genes_id_2175,TFPI,target
ETCM_Target_Genes_id_2176,SCGB1D2,target
ETCM_Target_Genes_id_2177,ACSBG1,target
ETCM_Target_Genes_id_2178,RAPH1,target
ETCM_Target_Genes_id_2179,XS,target
ETCM_Target_Genes_id_2180,MAN2C1,target
ETCM_Target_Genes_id_2181,SGSM3,target
ETCM_Target_Genes_id_2182,CXCL1,target
ETCM_Target_Genes_id_2183,SLC9A6,target
ETCM_Target_Genes_id_2184,MTCO2P12,target
ETCM_Target_Genes_id_2185,XK,target
ETCM_Target_Genes_id_2186,BEX3,target
ETCM_Target_Genes_id_2187,NPTXR,target
ETCM_Target_Genes_id_2188,FUZ,target
ETCM_Target_Genes_id_2189,NUCB1,target
ETCM_Target_Genes_id_2190,NDE1,target
ETCM_Target_Genes_id_2191,FLNA,target
ETCM_Target_Genes_id_2192,OCA2,target
ETCM_Target_Genes_id_2193,B3GALNT1,target
ETCM_Target_Genes_id_2194,RPLP2,target
ETCM_Target_Genes_id_2195,PAND1,target
ETCM_Target_Genes_id_2196,PBRM1,target
ETCM_Target_Genes_id_2197,BMP1,target
ETCM_Target_Genes_id_2198,PRCP,target
ETCM_Target_Genes_id_2199,PDP1,target
ETCM_Target_Genes_id_2200,HSPG2,target
ETCM_Target_Genes_id_2201,ENO1,target
ETCM_Target_Genes_id_2202,NECTIN1,target
ETCM_Target_Genes_id_2203,ATP6AP2,target
ETCM_Target_Genes_id_2204,BCS1L,target
ETCM_Target_Genes_id_2205,RAB6A,target
ETCM_Target_Genes_id_2206,RBKS,target
ETCM_Target_Genes_id_2207,ELK3,target
ETCM_Target_Genes_id_2208,LRRCC1,target
ETCM_Target_Genes_id_2209,SQOR,target
ETCM_Target_Genes_id_2210,LINC01194,target
ETCM_Target_Genes_id_2211,RBM8A,target
ETCM_Target_Genes_id_2212,USP14,target
ETCM_Target_Genes_id_2213,QTRT1,target
ETCM_Target_Genes_id_2214,ACAA1,target
ETCM_Target_Genes_id_2215,TKT,target
ETCM_Target_Genes_id_2216,TTN,target
ETCM_Target_Genes_id_2217,UPRT,target
ETCM_Target_Genes_id_2218,ATP6V1D,target
ETCM_Target_Genes_id_2219,ABCG5,target
ETCM_Target_Genes_id_2220,ABCG8,target
ETCM_Target_Genes_id_2221,AIMP1,target
ETCM_Target_Genes_id_2222,APOA1,target
ETCM_Target_Genes_id_2223,APOE,target
ETCM_Target_Genes_id_2224,BCKDHA,target
ETCM_Target_Genes_id_2225,BCKDHB,target
ETCM_Target_Genes_id_2226,COQ2,target
ETCM_Target_Genes_id_2227,COQ6,target
ETCM_Target_Genes_id_2228,DDO,target
ETCM_Target_Genes_id_2229,DHCR24,target
ETCM_Target_Genes_id_2230,ELOVL3,target
ETCM_Target_Genes_id_2231,ENAH,target
ETCM_Target_Genes_id_2232,ERAP1,target
ETCM_Target_Genes_id_2233,ERAP2,target
ETCM_Target_Genes_id_2234,EVL,target
ETCM_Target_Genes_id_2235,GDNF,target
ETCM_Target_Genes_id_2236,HBA2,target
ETCM_Target_Genes_id_2237,HLA-C,target
ETCM_Target_Genes_id_2238,ICAM1,target
ETCM_Target_Genes_id_2239,IL6,target
ETCM_Target_Genes_id_2240,LCAT,target
ETCM_Target_Genes_id_2241,LNPEP,target
ETCM_Target_Genes_id_2242,MYC,target
ETCM_Target_Genes_id_2243,MYCN,target
ETCM_Target_Genes_id_2244,NPEPPS,target
ETCM_Target_Genes_id_2245,PDSS1,target
ETCM_Target_Genes_id_2246,PLD6,target
ETCM_Target_Genes_id_2247,PNPLA8,target
ETCM_Target_Genes_id_2248,PRL,target
ETCM_Target_Genes_id_2249,PTPN2,target
ETCM_Target_Genes_id_2250,SARS2,target
ETCM_Target_Genes_id_2251,SEC61G,target
ETCM_Target_Genes_id_2252,SLC3A2,target
ETCM_Target_Genes_id_2253,SLC43A1,target
ETCM_Target_Genes_id_2254,SLC6A15,target
ETCM_Target_Genes_id_2255,SLC6A19,target
ETCM_Target_Genes_id_2256,SREBF2,target
ETCM_Target_Genes_id_2257,TARSL2,target
ETCM_Target_Genes_id_2258,THADA,target
ETCM_Target_Genes_id_2259,TLR3,target
ETCM_Target_Genes_id_2260,TNFRSF10B,target
ETCM_Target_Genes_id_2261,TTL,target
ETCM_Target_Genes_id_2262,VANGL2,target
ETCM_Target_Genes_id_2263,VASP,target
ETCM_Target_Genes_id_2264,WNT5A,target
ETCM_Target_Genes_id_2265,ZNF259,target
ETCM_Target_Genes_id_2266,FAXDC2,target
